mutant,position,split
A1023D,1023,train
A1023G,1023,test
A1023P,1023,train
A1023S,1023,train
A1023T,1023,test
A1023V,1023,train
A1032D,1032,train
A1032G,1032,train
A1032P,1032,train
A1032S,1032,train
A1032T,1032,train
A1032V,1032,train
A1034D,1034,train
A1034G,1034,train
A1034P,1034,train
A1034S,1034,train
A1034T,1034,test
A1034V,1034,train
A1053E,1053,train
A1053G,1053,train
A1053P,1053,test
A1053S,1053,train
A1053T,1053,train
A1053V,1053,test
A1081D,1081,train
A1081G,1081,train
A1081P,1081,train
A1081S,1081,train
A1081T,1081,train
A1081V,1081,train
A1121D,1121,validation
A1121G,1121,train
A1121P,1121,train
A1121S,1121,train
A1121T,1121,train
A1121V,1121,test
A1140D,1140,train
A1140G,1140,train
A1140P,1140,train
A1140S,1140,validation
A1140T,1140,validation
A1140V,1140,train
A1147E,1147,train
A1147G,1147,train
A1147P,1147,validation
A1147S,1147,train
A1147T,1147,train
A1147V,1147,train
A1184D,1184,train
A1184G,1184,train
A1184P,1184,test
A1184S,1184,train
A1184T,1184,train
A1184V,1184,train
A1215E,1215,train
A1215G,1215,train
A1215P,1215,train
A1215S,1215,train
A1215T,1215,train
A1215V,1215,train
A1217D,1217,train
A1217G,1217,train
A1217P,1217,train
A1217S,1217,train
A1217T,1217,train
A1217V,1217,train
A1227D,1227,train
A1227G,1227,train
A1227P,1227,train
A1227S,1227,train
A1227T,1227,train
A1227V,1227,train
A1239D,1239,test
A1239G,1239,train
A1239P,1239,train
A1239S,1239,train
A1239T,1239,validation
A1239V,1239,train
A127D,127,validation
A127G,127,train
A127P,127,train
A127S,127,train
A127T,127,train
A127V,127,train
A1283D,1283,test
A1283G,1283,train
A1283P,1283,train
A1283S,1283,train
A1283T,1283,train
A1283V,1283,train
A1285E,1285,train
A1285G,1285,train
A1285P,1285,train
A1285S,1285,train
A1285T,1285,test
A1285V,1285,test
A1293E,1293,train
A1293G,1293,train
A1293P,1293,test
A1293S,1293,train
A1293T,1293,validation
A1293V,1293,train
A1306D,1306,validation
A1306G,1306,train
A1306P,1306,train
A1306S,1306,train
A1306T,1306,test
A1306V,1306,train
A1320E,1320,train
A1320G,1320,train
A1320P,1320,train
A1320S,1320,validation
A1320T,1320,train
A1320V,1320,train
A1322E,1322,train
A1322G,1322,train
A1322P,1322,train
A1322S,1322,test
A1322T,1322,train
A1322V,1322,test
A1323D,1323,train
A1323G,1323,train
A1323P,1323,train
A1323S,1323,train
A1323T,1323,train
A1323V,1323,train
A1345D,1345,train
A1345G,1345,validation
A1345P,1345,test
A1345S,1345,train
A1345T,1345,train
A1345V,1345,train
A149E,149,train
A149G,149,train
A149P,149,train
A149S,149,train
A149T,149,train
A149V,149,test
A157D,157,train
A157G,157,test
A157P,157,train
A157S,157,train
A157T,157,validation
A157V,157,validation
A159D,159,train
A159G,159,train
A159P,159,train
A159S,159,train
A159T,159,train
A159V,159,train
A19E,19,train
A19G,19,train
A19P,19,train
A19S,19,train
A19T,19,train
A19V,19,train
A203E,203,validation
A203G,203,train
A203P,203,test
A203S,203,train
A203T,203,train
A203V,203,train
A208E,208,train
A208G,208,train
A208P,208,train
A208S,208,train
A208T,208,train
A208V,208,test
A210D,210,train
A210G,210,train
A210P,210,train
A210S,210,train
A210T,210,train
A210V,210,test
A214D,214,train
A214G,214,train
A214P,214,validation
A214S,214,train
A214T,214,train
A214V,214,train
A227D,227,train
A227G,227,train
A227P,227,train
A227S,227,train
A227T,227,train
A227V,227,validation
A243E,243,test
A243G,243,train
A243P,243,train
A243S,243,validation
A243T,243,validation
A243V,243,train
A259D,259,test
A259G,259,train
A259P,259,train
A259S,259,train
A259T,259,train
A259V,259,test
A262D,262,train
A262G,262,train
A262P,262,train
A262S,262,train
A262T,262,train
A262V,262,train
A280D,280,train
A280G,280,train
A280P,280,train
A280S,280,test
A280T,280,train
A280V,280,train
A287E,287,train
A287G,287,train
A287P,287,train
A287S,287,train
A287T,287,train
A287V,287,test
A292D,292,train
A292G,292,train
A292P,292,test
A292S,292,train
A292T,292,train
A292V,292,train
A293D,293,train
A293G,293,train
A293P,293,train
A293S,293,train
A293T,293,test
A293V,293,validation
A299D,299,train
A299G,299,train
A299P,299,train
A299S,299,train
A299T,299,train
A299V,299,train
A315D,315,test
A315G,315,train
A315P,315,train
A315S,315,train
A315T,315,train
A315V,315,test
A319D,319,validation
A319G,319,validation
A319P,319,train
A319S,319,train
A319T,319,train
A319V,319,train
A337D,337,train
A337G,337,test
A337P,337,validation
A337S,337,train
A337T,337,train
A337V,337,train
A360D,360,validation
A360G,360,train
A360P,360,train
A360S,360,train
A360T,360,train
A360V,360,train
A367D,367,train
A367G,367,train
A367P,367,train
A367S,367,train
A367T,367,validation
A367V,367,train
A421D,421,train
A421G,421,train
A421P,421,train
A421S,421,validation
A421T,421,train
A421V,421,train
A456E,456,train
A456G,456,test
A456P,456,train
A456S,456,train
A456T,456,train
A456V,456,train
A463D,463,train
A463G,463,train
A463P,463,train
A463S,463,train
A463T,463,train
A463V,463,train
A486D,486,train
A486G,486,train
A486P,486,train
A486S,486,train
A486T,486,train
A486V,486,validation
A488E,488,validation
A488G,488,train
A488P,488,train
A488S,488,train
A488T,488,train
A488V,488,train
A50D,50,validation
A50G,50,train
A50P,50,validation
A50S,50,test
A50T,50,train
A50V,50,train
A538D,538,train
A538G,538,train
A538P,538,train
A538S,538,validation
A538T,538,train
A538V,538,train
A547D,547,train
A547G,547,train
A547P,547,test
A547S,547,test
A547T,547,train
A547V,547,train
A589D,589,train
A589G,589,train
A589P,589,train
A589S,589,test
A589T,589,train
A589V,589,train
A59D,59,train
A59G,59,train
A59P,59,validation
A59S,59,train
A59T,59,train
A59V,59,train
A61E,61,train
A61G,61,train
A61P,61,train
A61S,61,validation
A61T,61,train
A61V,61,train
A640D,640,validation
A640G,640,train
A640P,640,train
A640S,640,validation
A640T,640,train
A640V,640,validation
A689D,689,validation
A689G,689,train
A689P,689,train
A689S,689,train
A689T,689,test
A689V,689,train
A68D,68,train
A68G,68,train
A68P,68,train
A68S,68,train
A68T,68,train
A68V,68,train
A711E,711,test
A711G,711,train
A711P,711,validation
A711S,711,train
A711T,711,train
A711V,711,train
A725E,725,test
A725G,725,train
A725P,725,train
A725S,725,train
A725T,725,train
A725V,725,train
A728D,728,train
A728G,728,test
A728P,728,test
A728S,728,train
A728T,728,validation
A728V,728,train
A732D,732,train
A732G,732,train
A732P,732,train
A732S,732,test
A732T,732,train
A732V,732,train
A764D,764,train
A764G,764,train
A764P,764,train
A764S,764,train
A764T,764,train
A764V,764,train
A889D,889,train
A889G,889,train
A889P,889,validation
A889S,889,validation
A889T,889,train
A889V,889,train
A903D,903,train
A903G,903,train
A903P,903,train
A903S,903,train
A903T,903,train
A903V,903,test
A914E,914,validation
A914G,914,train
A914P,914,train
A914S,914,train
A914T,914,train
A914V,914,train
A91D,91,train
A91G,91,train
A91P,91,train
A91S,91,train
A91T,91,train
A91V,91,train
A932D,932,train
A932G,932,train
A932P,932,train
A932S,932,train
A932T,932,train
A932V,932,validation
A984D,984,train
A984G,984,train
A984P,984,train
A984S,984,train
A984T,984,train
A984V,984,train
A987E,987,train
A987G,987,train
A987P,987,validation
A987S,987,train
A987T,987,train
A987V,987,train
A991E,991,train
A991G,991,train
A991P,991,train
A991S,991,validation
A991T,991,train
A991V,991,train
A996D,996,train
A996G,996,test
A996P,996,test
A996S,996,train
A996T,996,train
A996V,996,train
C574F,574,test
C574G,574,train
C574R,574,train
C574S,574,train
C574W,574,test
C574Y,574,train
C80F,80,train
C80G,80,train
C80R,80,train
C80S,80,validation
C80W,80,validation
C80Y,80,train
D1012A,1012,train
D1012E,1012,train
D1012G,1012,train
D1012H,1012,train
D1012N,1012,test
D1012V,1012,train
D1012Y,1012,validation
D1017A,1017,validation
D1017E,1017,train
D1017G,1017,train
D1017H,1017,train
D1017N,1017,train
D1017V,1017,train
D1017Y,1017,train
D1075A,1075,train
D1075E,1075,test
D1075G,1075,test
D1075H,1075,train
D1075N,1075,train
D1075V,1075,train
D1075Y,1075,train
D1079A,1079,train
D1079E,1079,train
D1079G,1079,train
D1079H,1079,validation
D1079N,1079,train
D1079V,1079,train
D1079Y,1079,train
D10A,10,train
D10E,10,test
D10G,10,train
D10H,10,train
D10N,10,train
D10V,10,train
D10Y,10,train
D110A,110,train
D110E,110,train
D110G,110,train
D110H,110,train
D110N,110,test
D110V,110,train
D110Y,110,train
D1117A,1117,train
D1117E,1117,train
D1117G,1117,test
D1117H,1117,train
D1117N,1117,train
D1117V,1117,train
D1117Y,1117,train
D1125A,1125,train
D1125E,1125,train
D1125G,1125,train
D1125H,1125,train
D1125N,1125,train
D1125V,1125,train
D1125Y,1125,test
D1127A,1127,validation
D1127E,1127,train
D1127G,1127,test
D1127H,1127,train
D1127N,1127,train
D1127V,1127,train
D1127Y,1127,test
D1135A,1135,train
D1135E,1135,train
D1135G,1135,train
D1135H,1135,validation
D1135N,1135,test
D1135V,1135,train
D1135Y,1135,train
D1180A,1180,train
D1180E,1180,train
D1180G,1180,train
D1180H,1180,test
D1180N,1180,train
D1180V,1180,train
D1180Y,1180,train
D1193A,1193,train
D1193E,1193,train
D1193G,1193,train
D1193H,1193,validation
D1193N,1193,train
D1193V,1193,test
D1193Y,1193,train
D124A,124,train
D124E,124,train
D124G,124,train
D124H,124,train
D124N,124,train
D124V,124,test
D124Y,124,validation
D1251A,1251,validation
D1251E,1251,train
D1251G,1251,train
D1251H,1251,train
D1251N,1251,train
D1251V,1251,train
D1251Y,1251,train
D1267A,1267,train
D1267E,1267,train
D1267G,1267,train
D1267H,1267,train
D1267N,1267,train
D1267V,1267,test
D1267Y,1267,validation
D1284A,1284,train
D1284E,1284,train
D1284G,1284,train
D1284H,1284,train
D1284N,1284,train
D1284V,1284,train
D1284Y,1284,train
D1288A,1288,train
D1288E,1288,train
D1288G,1288,train
D1288H,1288,train
D1288N,1288,validation
D1288V,1288,train
D1288Y,1288,train
D1299A,1299,train
D1299E,1299,train
D1299G,1299,train
D1299H,1299,test
D1299N,1299,train
D1299V,1299,test
D1299Y,1299,train
D1328A,1328,test
D1328E,1328,train
D1328G,1328,train
D1328H,1328,train
D1328N,1328,train
D1328V,1328,train
D1328Y,1328,validation
D1332A,1332,train
D1332E,1332,train
D1332G,1332,test
D1332H,1332,train
D1332N,1332,train
D1332V,1332,test
D1332Y,1332,validation
D1344A,1344,train
D1344E,1344,validation
D1344G,1344,train
D1344H,1344,train
D1344N,1344,train
D1344V,1344,train
D1344Y,1344,train
D1361A,1361,train
D1361E,1361,train
D1361G,1361,train
D1361H,1361,train
D1361N,1361,train
D1361V,1361,train
D1361Y,1361,train
D1368A,1368,train
D1368E,1368,train
D1368G,1368,train
D1368H,1368,train
D1368N,1368,train
D1368V,1368,validation
D1368Y,1368,train
D144A,144,train
D144E,144,train
D144G,144,train
D144H,144,train
D144N,144,train
D144V,144,train
D144Y,144,train
D147A,147,train
D147E,147,train
D147G,147,validation
D147H,147,train
D147N,147,train
D147V,147,train
D147Y,147,test
D150A,150,train
D150E,150,train
D150G,150,train
D150H,150,train
D150N,150,train
D150V,150,train
D150Y,150,train
D173A,173,train
D173E,173,train
D173G,173,train
D173H,173,test
D173N,173,train
D173V,173,train
D173Y,173,train
D177A,177,train
D177E,177,test
D177G,177,train
D177H,177,train
D177N,177,train
D177V,177,train
D177Y,177,train
D180A,180,train
D180E,180,validation
D180G,180,train
D180H,180,train
D180N,180,train
D180V,180,train
D180Y,180,train
D182A,182,validation
D182E,182,train
D182G,182,train
D182H,182,test
D182N,182,train
D182V,182,train
D182Y,182,train
D207A,207,train
D207E,207,train
D207G,207,train
D207H,207,train
D207N,207,train
D207V,207,train
D207Y,207,train
D23A,23,train
D23E,23,train
D23G,23,train
D23H,23,train
D23N,23,train
D23V,23,train
D23Y,23,test
D257A,257,train
D257E,257,train
D257G,257,train
D257H,257,validation
D257N,257,train
D257V,257,train
D257Y,257,train
D261A,261,train
D261E,261,train
D261G,261,train
D261H,261,validation
D261N,261,train
D261V,261,test
D261Y,261,validation
D269A,269,train
D269E,269,train
D269G,269,train
D269H,269,train
D269N,269,train
D269V,269,train
D269Y,269,train
D272A,272,train
D272E,272,validation
D272G,272,train
D272H,272,test
D272N,272,train
D272V,272,train
D272Y,272,train
D273A,273,train
D273E,273,train
D273G,273,train
D273H,273,train
D273N,273,train
D273V,273,train
D273Y,273,train
D274A,274,train
D274E,274,train
D274G,274,train
D274H,274,train
D274N,274,test
D274V,274,train
D274Y,274,train
D276A,276,train
D276E,276,train
D276G,276,train
D276H,276,train
D276N,276,train
D276V,276,test
D276Y,276,train
D284A,284,train
D284E,284,train
D284G,284,train
D284H,284,train
D284N,284,train
D284V,284,train
D284Y,284,train
D288A,288,train
D288E,288,train
D288G,288,train
D288H,288,train
D288N,288,train
D288V,288,train
D288Y,288,validation
D298A,298,train
D298E,298,train
D298G,298,train
D298H,298,train
D298N,298,validation
D298V,298,train
D298Y,298,test
D2A,2,train
D2E,2,train
D2G,2,test
D2H,2,train
D2N,2,train
D2V,2,test
D2Y,2,test
D304A,304,train
D304E,304,train
D304G,304,train
D304H,304,train
D304N,304,train
D304V,304,train
D304Y,304,train
D326A,326,test
D326E,326,train
D326G,326,train
D326H,326,test
D326N,326,train
D326V,326,train
D326Y,326,train
D331A,331,train
D331E,331,train
D331G,331,train
D331H,331,train
D331N,331,train
D331V,331,test
D331Y,331,train
D353A,353,train
D353E,353,train
D353G,353,train
D353H,353,train
D353N,353,train
D353V,353,train
D353Y,353,train
D364A,364,train
D364E,364,test
D364G,364,train
D364H,364,train
D364N,364,train
D364V,364,train
D364Y,364,train
D384A,384,train
D384E,384,train
D384G,384,train
D384H,384,train
D384N,384,train
D384V,384,train
D384Y,384,train
D397A,397,train
D397E,397,train
D397G,397,train
D397H,397,train
D397N,397,validation
D397V,397,train
D397Y,397,train
D39A,39,train
D39E,39,train
D39G,39,train
D39H,39,train
D39N,39,train
D39V,39,train
D39Y,39,train
D406A,406,train
D406E,406,train
D406G,406,train
D406H,406,train
D406N,406,train
D406V,406,validation
D406Y,406,train
D428A,428,train
D428E,428,train
D428G,428,train
D428H,428,test
D428N,428,train
D428V,428,train
D428Y,428,train
D435A,435,validation
D435E,435,validation
D435G,435,validation
D435H,435,train
D435N,435,train
D435V,435,test
D435Y,435,train
D483A,483,test
D483E,483,train
D483G,483,train
D483H,483,train
D483N,483,train
D483V,483,train
D483Y,483,train
D499A,499,train
D499E,499,train
D499G,499,train
D499H,499,train
D499N,499,train
D499V,499,train
D499Y,499,train
D54A,54,train
D54E,54,train
D54G,54,train
D54H,54,validation
D54N,54,validation
D54V,54,validation
D54Y,54,train
D550A,550,train
D550E,550,train
D550G,550,train
D550H,550,train
D550N,550,validation
D550V,550,train
D550Y,550,train
D567A,567,train
D567E,567,train
D567G,567,train
D567H,567,train
D567N,567,train
D567V,567,train
D567Y,567,train
D576A,576,train
D576E,576,train
D576G,576,train
D576H,576,train
D576N,576,train
D576V,576,train
D576Y,576,validation
D585A,585,test
D585E,585,train
D585G,585,train
D585H,585,test
D585N,585,train
D585V,585,train
D585Y,585,train
D596A,596,train
D596E,596,train
D596G,596,train
D596H,596,train
D596N,596,validation
D596V,596,train
D596Y,596,test
D603A,603,test
D603E,603,validation
D603G,603,train
D603H,603,train
D603N,603,test
D603V,603,train
D603Y,603,test
D605A,605,train
D605E,605,validation
D605G,605,train
D605H,605,train
D605N,605,train
D605V,605,train
D605Y,605,train
D608A,608,test
D608E,608,train
D608G,608,validation
D608H,608,train
D608N,608,train
D608V,608,train
D608Y,608,train
D614A,614,train
D614E,614,train
D614G,614,train
D614H,614,validation
D614N,614,train
D614V,614,validation
D614Y,614,train
D618A,618,test
D618E,618,train
D618G,618,train
D618H,618,validation
D618N,618,train
D618V,618,train
D618Y,618,train
D628A,628,train
D628E,628,validation
D628G,628,train
D628H,628,test
D628N,628,test
D628V,628,validation
D628Y,628,train
D644A,644,train
D644E,644,train
D644G,644,train
D644H,644,train
D644N,644,train
D644V,644,train
D644Y,644,train
D645A,645,train
D645E,645,train
D645G,645,train
D645H,645,train
D645N,645,train
D645V,645,train
D645Y,645,train
D672A,672,train
D672E,672,train
D672G,672,train
D672H,672,train
D672N,672,train
D672V,672,train
D672Y,672,train
D681A,681,train
D681E,681,train
D681G,681,train
D681H,681,train
D681N,681,train
D681V,681,test
D681Y,681,train
D686A,686,train
D686E,686,train
D686G,686,train
D686H,686,train
D686N,686,train
D686V,686,train
D686Y,686,train
D699A,699,train
D699E,699,train
D699G,699,train
D699H,699,train
D699N,699,train
D699V,699,train
D699Y,699,train
D700A,700,train
D700E,700,train
D700G,700,train
D700H,700,validation
D700N,700,train
D700V,700,train
D700Y,700,train
D707A,707,validation
D707E,707,train
D707G,707,validation
D707H,707,validation
D707N,707,train
D707V,707,train
D707Y,707,test
D718A,718,train
D718E,718,train
D718G,718,validation
D718H,718,train
D718N,718,train
D718V,718,train
D718Y,718,train
D745A,745,test
D745E,745,train
D745G,745,train
D745H,745,train
D745N,745,train
D745V,745,train
D745Y,745,validation
D821A,821,train
D821E,821,train
D821G,821,train
D821H,821,train
D821N,821,train
D821V,821,train
D821Y,821,train
D825A,825,train
D825E,825,train
D825G,825,validation
D825H,825,train
D825N,825,train
D825V,825,train
D825Y,825,train
D829A,829,train
D829E,829,train
D829G,829,train
D829H,829,train
D829N,829,validation
D829V,829,train
D829Y,829,train
D835A,835,train
D835E,835,train
D835G,835,train
D835H,835,test
D835N,835,train
D835V,835,train
D835Y,835,train
D837A,837,train
D837E,837,train
D837G,837,train
D837H,837,train
D837N,837,train
D837V,837,train
D837Y,837,train
D839A,839,train
D839E,839,train
D839G,839,train
D839H,839,train
D839N,839,train
D839V,839,train
D839Y,839,train
D849A,849,train
D849E,849,validation
D849G,849,train
D849H,849,test
D849N,849,train
D849V,849,train
D849Y,849,train
D850A,850,train
D850E,850,train
D850G,850,train
D850H,850,validation
D850N,850,train
D850V,850,train
D850Y,850,train
D853A,853,train
D853E,853,test
D853G,853,train
D853H,853,test
D853N,853,train
D853V,853,train
D853Y,853,train
D861A,861,train
D861E,861,train
D861G,861,train
D861H,861,train
D861N,861,train
D861V,861,test
D861Y,861,validation
D868A,868,train
D868E,868,train
D868G,868,test
D868H,868,train
D868N,868,train
D868V,868,train
D868Y,868,validation
D898A,898,train
D898E,898,train
D898G,898,test
D898H,898,train
D898N,898,test
D898V,898,train
D898Y,898,train
D912A,912,train
D912E,912,test
D912G,912,train
D912H,912,train
D912N,912,train
D912V,912,train
D912Y,912,test
D936A,936,train
D936E,936,test
D936G,936,train
D936H,936,train
D936N,936,train
D936V,936,train
D936Y,936,validation
D944A,944,train
D944E,944,train
D944G,944,train
D944H,944,train
D944N,944,train
D944V,944,train
D944Y,944,train
D947A,947,train
D947E,947,train
D947G,947,train
D947H,947,train
D947N,947,train
D947V,947,train
D947Y,947,train
D94A,94,test
D94E,94,train
D94G,94,train
D94H,94,validation
D94N,94,validation
D94V,94,train
D94Y,94,train
D95A,95,train
D95E,95,train
D95G,95,train
D95H,95,train
D95N,95,train
D95V,95,train
D95Y,95,train
D965A,965,train
D965E,965,train
D965G,965,train
D965H,965,train
D965N,965,train
D965V,965,train
D965Y,965,train
D969A,969,train
D969E,969,train
D969G,969,validation
D969H,969,train
D969N,969,train
D969V,969,train
D969Y,969,validation
D986A,986,train
D986E,986,train
D986G,986,train
D986H,986,train
D986N,986,train
D986V,986,train
D986Y,986,test
E1005A,1005,train
E1005D,1005,train
E1005G,1005,train
E1005K,1005,train
E1005Q,1005,train
E1005V,1005,validation
E1007A,1007,train
E1007D,1007,train
E1007G,1007,train
E1007K,1007,train
E1007Q,1007,train
E1007V,1007,train
E1026A,1026,train
E1026D,1026,train
E1026G,1026,test
E1026K,1026,train
E1026Q,1026,validation
E1026V,1026,train
E1028A,1028,test
E1028D,1028,validation
E1028G,1028,train
E1028K,1028,train
E1028Q,1028,train
E1028V,1028,train
E102A,102,test
E102D,102,train
E102G,102,validation
E102K,102,train
E102Q,102,validation
E102V,102,train
E103A,103,validation
E103D,103,train
E103G,103,train
E103K,103,train
E103Q,103,train
E103V,103,train
E1049A,1049,train
E1049D,1049,train
E1049G,1049,train
E1049K,1049,train
E1049Q,1049,validation
E1049V,1049,train
E1056A,1056,train
E1056D,1056,train
E1056G,1056,test
E1056K,1056,train
E1056Q,1056,train
E1056V,1056,train
E1064A,1064,train
E1064D,1064,train
E1064G,1064,validation
E1064K,1064,train
E1064Q,1064,test
E1064V,1064,train
E1068A,1068,train
E1068D,1068,test
E1068G,1068,test
E1068K,1068,train
E1068Q,1068,train
E1068V,1068,test
E1071A,1071,train
E1071D,1071,train
E1071G,1071,train
E1071K,1071,train
E1071Q,1071,validation
E1071V,1071,train
E108A,108,train
E108D,108,train
E108G,108,train
E108K,108,train
E108Q,108,validation
E108V,108,validation
E1099A,1099,train
E1099D,1099,train
E1099G,1099,train
E1099K,1099,train
E1099Q,1099,train
E1099V,1099,train
E109A,109,train
E109D,109,train
E109G,109,train
E109K,109,train
E109Q,109,train
E109V,109,validation
E1108A,1108,train
E1108D,1108,train
E1108G,1108,train
E1108K,1108,train
E1108Q,1108,train
E1108V,1108,train
E114A,114,train
E114D,114,validation
E114G,114,validation
E114K,114,train
E114Q,114,train
E114V,114,train
E1150A,1150,test
E1150D,1150,train
E1150G,1150,train
E1150K,1150,train
E1150Q,1150,train
E1150V,1150,train
E1162A,1162,train
E1162D,1162,train
E1162G,1162,test
E1162K,1162,test
E1162Q,1162,train
E1162V,1162,test
E1170A,1170,train
E1170D,1170,train
E1170G,1170,train
E1170K,1170,test
E1170Q,1170,train
E1170V,1170,train
E1175A,1175,train
E1175D,1175,train
E1175G,1175,validation
E1175K,1175,train
E1175Q,1175,test
E1175V,1175,train
E1183A,1183,test
E1183D,1183,train
E1183G,1183,test
E1183K,1183,train
E1183Q,1183,train
E1183V,1183,train
E1189A,1189,train
E1189D,1189,train
E1189G,1189,train
E1189K,1189,train
E1189Q,1189,train
E1189V,1189,train
E1205A,1205,train
E1205D,1205,train
E1205G,1205,train
E1205K,1205,train
E1205Q,1205,train
E1205V,1205,validation
E1207A,1207,test
E1207D,1207,train
E1207G,1207,test
E1207K,1207,test
E1207Q,1207,train
E1207V,1207,train
E1219A,1219,train
E1219D,1219,train
E1219G,1219,train
E1219K,1219,train
E1219Q,1219,train
E1219V,1219,validation
E1225A,1225,train
E1225D,1225,test
E1225G,1225,train
E1225K,1225,train
E1225Q,1225,train
E1225V,1225,train
E1243A,1243,train
E1243D,1243,train
E1243G,1243,train
E1243K,1243,test
E1243Q,1243,test
E1243V,1243,train
E1250A,1250,train
E1250D,1250,train
E1250G,1250,validation
E1250K,1250,train
E1250Q,1250,train
E1250V,1250,train
E1253A,1253,test
E1253D,1253,train
E1253G,1253,train
E1253K,1253,validation
E1253Q,1253,train
E1253V,1253,train
E125A,125,train
E125D,125,train
E125G,125,test
E125K,125,validation
E125Q,125,train
E125V,125,test
E1260A,1260,train
E1260D,1260,train
E1260G,1260,train
E1260K,1260,train
E1260Q,1260,train
E1260V,1260,validation
E1268A,1268,train
E1268D,1268,train
E1268G,1268,test
E1268K,1268,train
E1268Q,1268,train
E1268V,1268,test
E1271A,1271,train
E1271D,1271,test
E1271G,1271,test
E1271K,1271,train
E1271Q,1271,test
E1271V,1271,train
E1275A,1275,train
E1275D,1275,train
E1275G,1275,test
E1275K,1275,train
E1275Q,1275,train
E1275V,1275,train
E1304A,1304,train
E1304D,1304,train
E1304G,1304,validation
E1304K,1304,train
E1304Q,1304,test
E1304V,1304,train
E1307A,1307,train
E1307D,1307,train
E1307G,1307,train
E1307K,1307,train
E1307Q,1307,train
E1307V,1307,test
E130A,130,train
E130D,130,train
E130G,130,test
E130K,130,train
E130Q,130,train
E130V,130,train
E1341A,1341,train
E1341D,1341,train
E1341G,1341,train
E1341K,1341,test
E1341Q,1341,train
E1341V,1341,train
E1357A,1357,test
E1357D,1357,train
E1357G,1357,train
E1357K,1357,train
E1357Q,1357,train
E1357V,1357,train
E171A,171,test
E171D,171,validation
E171G,171,train
E171K,171,train
E171Q,171,train
E171V,171,train
E197A,197,train
E197D,197,train
E197G,197,train
E197K,197,train
E197Q,197,validation
E197V,197,train
E198A,198,train
E198D,198,train
E198G,198,validation
E198K,198,train
E198Q,198,train
E198V,198,train
E223A,223,train
E223D,223,train
E223G,223,validation
E223K,223,train
E223Q,223,train
E223V,223,train
E232A,232,train
E232D,232,train
E232G,232,train
E232K,232,train
E232Q,232,train
E232V,232,train
E24A,24,train
E24D,24,train
E24G,24,train
E24K,24,train
E24Q,24,train
E24V,24,train
E260A,260,train
E260D,260,train
E260G,260,train
E260K,260,validation
E260Q,260,train
E260V,260,train
E311A,311,train
E311D,311,train
E311G,311,train
E311K,311,train
E311Q,311,train
E311V,311,train
E327A,327,train
E327D,327,test
E327G,327,train
E327K,327,train
E327Q,327,train
E327V,327,train
E345A,345,test
E345D,345,validation
E345G,345,test
E345K,345,train
E345Q,345,train
E345V,345,train
E349A,349,train
E349D,349,train
E349G,349,train
E349K,349,train
E349Q,349,validation
E349V,349,test
E370A,370,train
E370D,370,train
E370G,370,train
E370K,370,train
E370Q,370,train
E370V,370,train
E371A,371,train
E371D,371,train
E371G,371,train
E371K,371,train
E371Q,371,train
E371V,371,train
E381A,381,train
E381D,381,validation
E381G,381,train
E381K,381,train
E381Q,381,test
E381V,381,test
E387A,387,train
E387D,387,train
E387G,387,train
E387K,387,train
E387Q,387,train
E387V,387,test
E388A,388,test
E388D,388,validation
E388G,388,train
E388K,388,train
E388Q,388,train
E388V,388,train
E396A,396,train
E396D,396,train
E396G,396,train
E396K,396,test
E396Q,396,test
E396V,396,train
E418A,418,train
E418D,418,train
E418G,418,train
E418K,418,train
E418Q,418,train
E418V,418,test
E427A,427,train
E427D,427,train
E427G,427,train
E427K,427,test
E427Q,427,train
E427V,427,train
E438A,438,train
E438D,438,train
E438G,438,test
E438K,438,train
E438Q,438,train
E438V,438,train
E441A,441,train
E441D,441,train
E441G,441,train
E441K,441,train
E441Q,441,train
E441V,441,train
E470A,470,train
E470D,470,train
E470G,470,train
E470K,470,train
E470Q,470,train
E470V,470,validation
E471A,471,train
E471D,471,train
E471G,471,train
E471K,471,train
E471Q,471,train
E471V,471,train
E479A,479,train
E479D,479,test
E479G,479,train
E479K,479,train
E479Q,479,train
E479V,479,train
E480A,480,train
E480D,480,train
E480G,480,train
E480K,480,train
E480Q,480,train
E480V,480,train
E493A,493,train
E493D,493,train
E493G,493,train
E493K,493,test
E493Q,493,train
E493V,493,train
E505A,505,train
E505D,505,train
E505G,505,train
E505K,505,train
E505Q,505,train
E505V,505,validation
E516A,516,train
E516D,516,train
E516G,516,train
E516K,516,train
E516Q,516,train
E516V,516,train
E523A,523,test
E523D,523,train
E523G,523,train
E523K,523,train
E523Q,523,test
E523V,523,validation
E532A,532,train
E532D,532,train
E532G,532,train
E532K,532,train
E532Q,532,train
E532V,532,train
E543A,543,train
E543D,543,train
E543G,543,train
E543K,543,train
E543Q,543,train
E543V,543,train
E566A,566,train
E566D,566,train
E566G,566,test
E566K,566,train
E566Q,566,train
E566V,566,train
E573A,573,train
E573D,573,train
E573G,573,train
E573K,573,validation
E573Q,573,test
E573V,573,train
E579A,579,train
E579D,579,train
E579G,579,validation
E579K,579,train
E579Q,579,train
E579V,579,train
E57A,57,validation
E57D,57,train
E57G,57,train
E57K,57,train
E57Q,57,test
E57V,57,validation
E584A,584,train
E584D,584,train
E584G,584,validation
E584K,584,train
E584Q,584,train
E584V,584,train
E60A,60,train
E60D,60,train
E60G,60,train
E60K,60,train
E60Q,60,test
E60V,60,train
E610A,610,train
E610D,610,train
E610G,610,train
E610K,610,train
E610Q,610,validation
E610V,610,train
E611A,611,test
E611D,611,train
E611G,611,train
E611K,611,train
E611Q,611,validation
E611V,611,train
E613A,613,train
E613D,613,train
E613G,613,train
E613K,613,train
E613Q,613,train
E613V,613,train
E617A,617,validation
E617D,617,train
E617G,617,test
E617K,617,train
E617Q,617,test
E617V,617,train
E627A,627,validation
E627D,627,train
E627G,627,train
E627K,627,train
E627Q,627,train
E627V,627,train
E630A,630,train
E630D,630,train
E630G,630,validation
E630K,630,validation
E630Q,630,train
E630V,630,train
E633A,633,train
E633D,633,train
E633G,633,train
E633K,633,train
E633Q,633,train
E633V,633,train
E634A,634,train
E634D,634,train
E634G,634,train
E634K,634,validation
E634Q,634,train
E634V,634,train
E706A,706,validation
E706D,706,test
E706G,706,train
E706K,706,train
E706Q,706,train
E706V,706,validation
E722A,722,test
E722D,722,train
E722G,722,train
E722K,722,train
E722Q,722,train
E722V,722,train
E746A,746,train
E746D,746,train
E746G,746,train
E746K,746,train
E746Q,746,train
E746V,746,train
E757A,757,validation
E757D,757,test
E757G,757,validation
E757K,757,train
E757Q,757,train
E757V,757,train
E762A,762,train
E762D,762,test
E762G,762,train
E762K,762,validation
E762Q,762,train
E762V,762,train
E766A,766,train
E766D,766,train
E766G,766,train
E766K,766,train
E766Q,766,validation
E766V,766,test
E779A,779,train
E779D,779,train
E779G,779,train
E779K,779,train
E779Q,779,validation
E779V,779,validation
E785A,785,train
E785D,785,train
E785G,785,train
E785K,785,train
E785Q,785,train
E785V,785,train
E786A,786,train
E786D,786,train
E786G,786,train
E786K,786,train
E786Q,786,train
E786V,786,train
E790A,790,train
E790D,790,validation
E790G,790,train
E790K,790,train
E790Q,790,validation
E790V,790,train
E798A,798,train
E798D,798,train
E798G,798,train
E798K,798,train
E798Q,798,test
E798V,798,train
E802A,802,train
E802D,802,validation
E802G,802,train
E802K,802,train
E802Q,802,train
E802V,802,train
E809A,809,train
E809D,809,validation
E809G,809,train
E809K,809,train
E809Q,809,train
E809V,809,train
E827A,827,train
E827D,827,train
E827G,827,train
E827K,827,test
E827Q,827,train
E827V,827,train
E84A,84,train
E84D,84,train
E84G,84,train
E84K,84,train
E84Q,84,train
E84V,84,train
E873A,873,test
E873D,873,train
E873G,873,train
E873K,873,validation
E873Q,873,train
E873V,873,train
E874A,874,train
E874D,874,train
E874G,874,train
E874K,874,validation
E874Q,874,train
E874V,874,train
E89A,89,train
E89D,89,train
E89G,89,train
E89K,89,test
E89Q,89,train
E89V,89,train
E904A,904,train
E904D,904,train
E904G,904,train
E904K,904,train
E904Q,904,train
E904V,904,train
E910A,910,train
E910D,910,test
E910G,910,train
E910K,910,train
E910Q,910,train
E910V,910,train
E923A,923,train
E923D,923,train
E923G,923,train
E923K,923,train
E923Q,923,train
E923V,923,train
E945A,945,train
E945D,945,train
E945G,945,train
E945K,945,train
E945Q,945,train
E945V,945,train
E952A,952,validation
E952D,952,train
E952G,952,test
E952K,952,train
E952Q,952,train
E952V,952,train
E977A,977,test
E977D,977,train
E977G,977,test
E977K,977,train
E977Q,977,train
E977V,977,test
F1008C,1008,train
F1008I,1008,train
F1008L,1008,train
F1008S,1008,train
F1008V,1008,train
F1008Y,1008,train
F1037C,1037,train
F1037I,1037,validation
F1037L,1037,train
F1037S,1037,train
F1037V,1037,train
F1037Y,1037,train
F1038C,1038,train
F1038I,1038,train
F1038L,1038,test
F1038S,1038,train
F1038V,1038,train
F1038Y,1038,train
F1045C,1045,train
F1045I,1045,train
F1045L,1045,train
F1045S,1045,validation
F1045V,1045,train
F1045Y,1045,test
F1046C,1046,train
F1046I,1046,train
F1046L,1046,train
F1046S,1046,train
F1046V,1046,train
F1046Y,1046,train
F105C,105,validation
F105I,105,validation
F105L,105,validation
F105S,105,train
F105V,105,train
F105Y,105,train
F1080C,1080,validation
F1080I,1080,validation
F1080L,1080,train
F1080S,1080,train
F1080V,1080,train
F1080Y,1080,train
F1105C,1105,train
F1105I,1105,train
F1105L,1105,train
F1105S,1105,train
F1105V,1105,train
F1105Y,1105,validation
F1134C,1134,train
F1134I,1134,test
F1134L,1134,train
F1134S,1134,train
F1134V,1134,train
F1134Y,1134,validation
F1174C,1174,train
F1174I,1174,train
F1174L,1174,train
F1174S,1174,validation
F1174V,1174,train
F1174Y,1174,test
F1181C,1181,train
F1181I,1181,train
F1181L,1181,train
F1181S,1181,train
F1181V,1181,train
F1181Y,1181,train
F119C,119,train
F119I,119,validation
F119L,119,train
F119S,119,train
F119V,119,train
F119Y,119,train
F1204C,1204,train
F1204I,1204,train
F1204L,1204,train
F1204S,1204,train
F1204V,1204,train
F1204Y,1204,validation
F1235C,1235,train
F1235I,1235,train
F1235L,1235,train
F1235S,1235,train
F1235V,1235,validation
F1235Y,1235,train
F1258C,1258,train
F1258I,1258,validation
F1258L,1258,train
F1258S,1258,train
F1258V,1258,train
F1258Y,1258,train
F1276C,1276,train
F1276I,1276,train
F1276L,1276,test
F1276S,1276,test
F1276V,1276,train
F1276Y,1276,train
F1313C,1313,train
F1313I,1313,train
F1313L,1313,train
F1313S,1313,train
F1313V,1313,train
F1313Y,1313,train
F1324C,1324,train
F1324I,1324,train
F1324L,1324,train
F1324S,1324,train
F1324V,1324,train
F1324Y,1324,train
F1327C,1327,train
F1327I,1327,train
F1327L,1327,validation
F1327S,1327,train
F1327V,1327,test
F1327Y,1327,train
F164C,164,train
F164I,164,train
F164L,164,train
F164S,164,train
F164V,164,train
F164Y,164,train
F168C,168,train
F168I,168,train
F168L,168,train
F168S,168,validation
F168V,168,train
F168Y,168,train
F185C,185,train
F185I,185,train
F185L,185,train
F185S,185,validation
F185V,185,train
F185Y,185,train
F196C,196,train
F196I,196,train
F196L,196,train
F196S,196,test
F196V,196,train
F196Y,196,test
F238C,238,train
F238I,238,train
F238L,238,train
F238S,238,train
F238V,238,train
F238Y,238,train
F252C,252,train
F252I,252,train
F252L,252,train
F252S,252,train
F252V,252,test
F252Y,252,train
F256C,256,train
F256I,256,train
F256L,256,train
F256S,256,train
F256V,256,validation
F256Y,256,train
F290C,290,train
F290I,290,train
F290L,290,train
F290S,290,train
F290V,290,train
F290Y,290,train
F32C,32,train
F32I,32,train
F32L,32,validation
F32S,32,train
F32V,32,train
F32Y,32,train
F351C,351,train
F351I,351,train
F351L,351,train
F351S,351,train
F351V,351,train
F351Y,351,train
F352C,352,train
F352I,352,train
F352L,352,test
F352S,352,test
F352V,352,train
F352Y,352,train
F372C,372,train
F372I,372,train
F372L,372,train
F372S,372,train
F372V,372,train
F372Y,372,train
F375C,375,train
F375I,375,train
F375L,375,train
F375S,375,train
F375V,375,test
F375Y,375,train
F405C,405,train
F405I,405,train
F405L,405,train
F405S,405,train
F405V,405,train
F405Y,405,train
F429C,429,train
F429I,429,train
F429L,429,train
F429S,429,train
F429V,429,train
F429Y,429,train
F432C,432,train
F432I,432,train
F432L,432,train
F432S,432,train
F432V,432,train
F432Y,432,train
F446C,446,validation
F446I,446,train
F446L,446,train
F446S,446,train
F446V,446,test
F446Y,446,validation
F462C,462,validation
F462I,462,test
F462L,462,train
F462S,462,test
F462V,462,train
F462Y,462,train
F478C,478,train
F478I,478,validation
F478L,478,train
F478S,478,validation
F478V,478,train
F478Y,478,train
F491C,491,train
F491I,491,train
F491L,491,train
F491S,491,train
F491V,491,train
F491Y,491,train
F498C,498,train
F498I,498,train
F498L,498,train
F498S,498,train
F498V,498,train
F498Y,498,train
F518C,518,train
F518I,518,train
F518L,518,train
F518S,518,train
F518V,518,validation
F518Y,518,train
F539C,539,validation
F539I,539,train
F539L,539,train
F539S,539,train
F539V,539,validation
F539Y,539,train
F53C,53,validation
F53I,53,train
F53L,53,train
F53S,53,train
F53V,53,train
F53Y,53,train
F553C,553,test
F553I,553,train
F553L,553,validation
F553S,553,train
F553V,553,train
F553Y,553,validation
F569C,569,train
F569I,569,train
F569L,569,test
F569S,569,train
F569V,569,train
F569Y,569,train
F575C,575,test
F575I,575,train
F575L,575,train
F575S,575,train
F575V,575,train
F575Y,575,train
F587C,587,train
F587I,587,train
F587L,587,train
F587S,587,train
F587V,587,train
F587Y,587,test
F606C,606,validation
F606I,606,train
F606L,606,train
F606S,606,train
F606V,606,validation
F606Y,606,test
F626C,626,train
F626I,626,train
F626L,626,train
F626S,626,train
F626V,626,train
F626Y,626,train
F643C,643,train
F643I,643,train
F643L,643,train
F643S,643,train
F643V,643,train
F643Y,643,train
F682C,682,train
F682I,682,train
F682L,682,train
F682S,682,train
F682V,682,train
F682Y,682,validation
F688C,688,test
F688I,688,train
F688L,688,train
F688S,688,train
F688V,688,train
F688Y,688,train
F693C,693,train
F693I,693,test
F693L,693,train
F693S,693,train
F693V,693,train
F693Y,693,train
F704C,704,test
F704I,704,test
F704L,704,validation
F704S,704,train
F704V,704,train
F704Y,704,train
F846C,846,validation
F846I,846,train
F846L,846,validation
F846S,846,train
F846V,846,train
F846Y,846,train
F86C,86,train
F86I,86,train
F86L,86,train
F86S,86,train
F86V,86,validation
F86Y,86,train
F897C,897,train
F897I,897,train
F897L,897,train
F897S,897,train
F897V,897,train
F897Y,897,train
F916C,916,test
F916I,916,train
F916L,916,train
F916S,916,test
F916V,916,train
F916Y,916,train
F966C,966,train
F966I,966,train
F966L,966,train
F966S,966,train
F966V,966,train
F966Y,966,train
F970C,970,test
F970I,970,train
F970L,970,train
F970S,970,train
F970V,970,train
F970Y,970,train
F972C,972,train
F972I,972,train
F972L,972,train
F972S,972,validation
F972V,972,train
F972Y,972,train
F97C,97,train
F97I,97,train
F97L,97,train
F97S,97,train
F97V,97,train
F97Y,97,train
F98C,98,validation
F98I,98,test
F98L,98,train
F98S,98,validation
F98V,98,train
F98Y,98,train
G1011A,1011,test
G1011C,1011,train
G1011D,1011,validation
G1011R,1011,validation
G1011S,1011,train
G1011V,1011,train
G1030A,1030,train
G1030C,1030,train
G1030D,1030,train
G1030R,1030,train
G1030S,1030,validation
G1030V,1030,test
G1055A,1055,test
G1055C,1055,train
G1055D,1055,train
G1055R,1055,train
G1055S,1055,train
G1055V,1055,train
G1067A,1067,train
G1067C,1067,test
G1067D,1067,train
G1067R,1067,train
G1067S,1067,train
G1067V,1067,validation
G1070A,1070,train
G1070E,1070,train
G1070R,1070,train
G1070V,1070,train
G1070W,1070,train
G1077A,1077,test
G1077E,1077,validation
G1077R,1077,train
G1077V,1077,train
G1077W,1077,train
G1103A,1103,test
G1103E,1103,test
G1103R,1103,train
G1103V,1103,train
G1103W,1103,train
G1104A,1104,train
G1104E,1104,train
G1104R,1104,train
G1104V,1104,train
G1132A,1132,train
G1132C,1132,train
G1132D,1132,train
G1132R,1132,train
G1132S,1132,train
G1132V,1132,train
G1133A,1133,train
G1133E,1133,train
G1133R,1133,train
G1133V,1133,test
G1133W,1133,train
G1152A,1152,train
G1152E,1152,train
G1152R,1152,train
G1152V,1152,train
G1152W,1152,train
G1165A,1165,train
G1165E,1165,test
G1165R,1165,train
G1165V,1165,train
G1186A,1186,train
G1186E,1186,train
G1186R,1186,train
G1186V,1186,train
G1209A,1209,train
G1209C,1209,train
G1209D,1209,test
G1209R,1209,train
G1209S,1209,train
G1209V,1209,train
G120A,120,train
G120C,120,validation
G120D,120,test
G120R,120,train
G120S,120,train
G120V,120,train
G1218A,1218,train
G1218C,1218,train
G1218D,1218,train
G1218R,1218,train
G1218S,1218,train
G1218V,1218,train
G1223A,1223,train
G1223E,1223,train
G1223R,1223,train
G1223V,1223,train
G1223W,1223,train
G1247A,1247,train
G1247C,1247,train
G1247D,1247,train
G1247R,1247,train
G1247S,1247,test
G1247V,1247,train
G12A,12,train
G12E,12,train
G12R,12,train
G12V,12,test
G12W,12,train
G1319A,1319,train
G1319E,1319,train
G1319R,1319,train
G1319V,1319,train
G1354A,1354,train
G1354E,1354,test
G1354R,1354,train
G1354V,1354,train
G1366A,1366,train
G1366E,1366,train
G1366R,1366,validation
G1366V,1366,train
G1367A,1367,train
G1367C,1367,train
G1367D,1367,train
G1367R,1367,validation
G1367S,1367,validation
G1367V,1367,train
G166A,166,train
G166E,166,train
G166R,166,validation
G166V,166,train
G172A,172,train
G172C,172,validation
G172D,172,train
G172R,172,validation
G172S,172,train
G172V,172,train
G17A,17,train
G17C,17,train
G17D,17,train
G17R,17,test
G17S,17,train
G17V,17,train
G205A,205,train
G205E,205,train
G205R,205,train
G205V,205,validation
G231A,231,train
G231C,231,test
G231D,231,train
G231R,231,validation
G231S,231,train
G231V,231,train
G236A,236,train
G236E,236,train
G236R,236,train
G236V,236,train
G239A,239,train
G239C,239,test
G239D,239,train
G239R,239,train
G239S,239,train
G239V,239,train
G247A,247,train
G247E,247,train
G247R,247,train
G247V,247,test
G247W,247,train
G283A,283,train
G283C,283,train
G283D,283,train
G283R,283,train
G283S,283,test
G283V,283,train
G358A,358,train
G358E,358,validation
G358R,358,train
G358V,358,validation
G358W,358,train
G361A,361,validation
G361E,361,train
G361R,361,train
G361V,361,test
G365A,365,validation
G365C,365,test
G365D,365,test
G365R,365,test
G365S,365,train
G365V,365,train
G366A,366,train
G366E,366,validation
G366R,366,validation
G366V,366,train
G366W,366,test
G36A,36,train
G36E,36,train
G36R,36,validation
G36V,36,train
G36W,36,train
G385A,385,train
G385C,385,train
G385D,385,validation
G385R,385,train
G385S,385,train
G385V,385,test
G408A,408,train
G408E,408,train
G408R,408,train
G408V,408,train
G408W,408,train
G417A,417,validation
G417E,417,train
G417R,417,train
G417V,417,train
G453A,453,test
G453E,453,test
G453R,453,train
G453V,453,train
G458A,458,train
G458C,458,train
G458D,458,train
G458R,458,train
G458S,458,train
G458V,458,train
G485A,485,train
G485C,485,train
G485D,485,train
G485R,485,train
G485S,485,train
G485V,485,train
G49A,49,train
G49E,49,train
G49R,49,train
G49V,49,train
G49W,49,train
G533A,533,test
G533C,533,train
G533D,533,train
G533R,533,validation
G533S,533,train
G533V,533,train
G542A,542,validation
G542E,542,train
G542R,542,validation
G542V,542,test
G542W,542,train
G56A,56,train
G56E,56,train
G56R,56,test
G56V,56,train
G582A,582,train
G582E,582,train
G582R,582,train
G582V,582,train
G592A,592,train
G592C,592,train
G592D,592,train
G592R,592,train
G592S,592,train
G592V,592,validation
G658A,658,train
G658E,658,train
G658R,658,train
G658V,658,train
G658W,658,train
G660A,660,train
G660E,660,train
G660R,660,train
G660V,660,test
G669A,669,train
G669C,669,train
G669D,669,train
G669R,669,train
G669S,669,train
G669V,669,train
G676A,676,train
G676E,676,train
G676R,676,validation
G676V,676,train
G676W,676,validation
G687A,687,train
G687C,687,train
G687D,687,train
G687R,687,train
G687S,687,validation
G687V,687,train
G715A,715,train
G715C,715,train
G715D,715,train
G715R,715,validation
G715S,715,train
G715V,715,train
G717A,717,train
G717E,717,test
G717R,717,train
G717V,717,test
G717W,717,train
G729A,729,train
G729E,729,train
G729R,729,validation
G729V,729,train
G736A,736,test
G736C,736,train
G736D,736,test
G736R,736,train
G736S,736,train
G736V,736,validation
G752A,752,train
G752E,752,train
G752R,752,train
G752V,752,train
G752W,752,train
G773A,773,train
G773E,773,train
G773R,773,train
G773V,773,train
G787A,787,train
G787E,787,train
G787R,787,validation
G787V,787,train
G787W,787,train
G792A,792,train
G792E,792,train
G792R,792,train
G792V,792,train
G819A,819,train
G819C,819,train
G819D,819,train
G819R,819,train
G819S,819,train
G819V,819,validation
G865A,865,train
G865E,865,train
G865R,865,train
G865V,865,train
G865W,865,validation
G8A,8,train
G8E,8,train
G8R,8,train
G8V,8,train
G8W,8,train
G906A,906,train
G906E,906,train
G906R,906,train
G906V,906,train
G907A,907,train
G907C,907,train
G907D,907,train
G907R,907,train
G907S,907,train
G907V,907,train
G915A,915,validation
G915C,915,train
G915D,915,train
G915R,915,train
G915S,915,train
G915V,915,train
G994A,994,train
G994E,994,train
G994R,994,train
G994V,994,train
H113D,113,train
H113L,113,train
H113N,113,train
H113P,113,train
H113Q,113,train
H113R,113,train
H113Y,113,train
H116D,116,validation
H116L,116,train
H116N,116,train
H116P,116,train
H116Q,116,train
H116R,116,validation
H116Y,116,train
H1241D,1241,train
H1241L,1241,train
H1241N,1241,train
H1241P,1241,train
H1241Q,1241,train
H1241R,1241,train
H1241Y,1241,train
H1262D,1262,train
H1262L,1262,validation
H1262N,1262,train
H1262P,1262,train
H1262Q,1262,train
H1262R,1262,train
H1262Y,1262,train
H1264D,1264,train
H1264L,1264,train
H1264N,1264,train
H1264P,1264,train
H1264Q,1264,train
H1264R,1264,validation
H1264Y,1264,train
H1297D,1297,train
H1297L,1297,train
H1297N,1297,train
H1297P,1297,train
H1297Q,1297,train
H1297R,1297,train
H1297Y,1297,train
H129D,129,train
H129L,129,train
H129N,129,train
H129P,129,test
H129Q,129,validation
H129R,129,validation
H129Y,129,train
H1311D,1311,train
H1311L,1311,train
H1311N,1311,validation
H1311P,1311,train
H1311Q,1311,train
H1311R,1311,train
H1311Y,1311,train
H1349D,1349,train
H1349L,1349,train
H1349N,1349,validation
H1349P,1349,test
H1349Q,1349,train
H1349R,1349,train
H1349Y,1349,train
H137D,137,train
H137L,137,train
H137N,137,test
H137P,137,train
H137Q,137,train
H137R,137,train
H137Y,137,train
H160D,160,train
H160L,160,train
H160N,160,train
H160P,160,train
H160Q,160,validation
H160R,160,train
H160Y,160,train
H167D,167,train
H167L,167,train
H167N,167,train
H167P,167,train
H167Q,167,train
H167R,167,train
H167Y,167,test
H328D,328,train
H328L,328,train
H328N,328,validation
H328P,328,train
H328Q,328,train
H328R,328,train
H328Y,328,train
H329D,329,train
H329L,329,train
H329N,329,validation
H329P,329,train
H329Q,329,train
H329R,329,validation
H329Y,329,train
H412D,412,train
H412L,412,train
H412N,412,train
H412P,412,train
H412Q,412,train
H412R,412,train
H412Y,412,train
H415D,415,train
H415L,415,train
H415N,415,test
H415P,415,train
H415Q,415,train
H415R,415,train
H415Y,415,train
H41D,41,test
H41L,41,train
H41N,41,train
H41P,41,train
H41Q,41,train
H41R,41,train
H41Y,41,train
H420D,420,train
H420L,420,train
H420N,420,validation
H420P,420,train
H420Q,420,validation
H420R,420,train
H420Y,420,train
H511D,511,train
H511L,511,train
H511N,511,train
H511P,511,train
H511Q,511,train
H511R,511,train
H511Y,511,train
H595D,595,train
H595L,595,train
H595N,595,train
H595P,595,train
H595Q,595,train
H595R,595,train
H595Y,595,train
H641D,641,train
H641L,641,train
H641N,641,train
H641P,641,train
H641Q,641,train
H641R,641,train
H641Y,641,train
H698D,698,train
H698L,698,train
H698N,698,train
H698P,698,train
H698Q,698,train
H698R,698,train
H698Y,698,train
H721D,721,train
H721L,721,train
H721N,721,test
H721P,721,train
H721Q,721,test
H721R,721,train
H721Y,721,train
H723D,723,train
H723L,723,test
H723N,723,train
H723P,723,train
H723Q,723,train
H723R,723,validation
H723Y,723,test
H754D,754,train
H754L,754,train
H754N,754,train
H754P,754,train
H754Q,754,train
H754R,754,test
H754Y,754,train
H799D,799,train
H799L,799,train
H799N,799,train
H799P,799,train
H799Q,799,test
H799R,799,test
H799Y,799,train
H840D,840,train
H840L,840,train
H840N,840,train
H840P,840,train
H840Q,840,train
H840R,840,train
H840Y,840,train
H930D,930,train
H930L,930,validation
H930N,930,train
H930P,930,train
H930Q,930,train
H930R,930,validation
H930Y,930,train
H982D,982,train
H982L,982,train
H982N,982,validation
H982P,982,train
H982Q,982,test
H982R,982,test
H982Y,982,train
H983D,983,test
H983L,983,train
H983N,983,train
H983P,983,train
H983Q,983,train
H983R,983,train
H983Y,983,train
H985D,985,train
H985L,985,train
H985N,985,train
H985P,985,train
H985Q,985,train
H985R,985,train
H985Y,985,train
H99D,99,train
H99L,99,train
H99N,99,train
H99P,99,train
H99Q,99,train
H99R,99,train
H99Y,99,validation
I1022F,1022,train
I1022L,1022,train
I1022M,1022,train
I1022N,1022,train
I1022S,1022,train
I1022T,1022,train
I1022V,1022,train
I1029F,1029,train
I1029L,1029,validation
I1029M,1029,train
I1029N,1029,validation
I1029S,1029,train
I1029T,1029,validation
I1029V,1029,train
I1042F,1042,validation
I1042L,1042,train
I1042M,1042,validation
I1042N,1042,train
I1042S,1042,train
I1042T,1042,train
I1042V,1042,train
I1050F,1050,train
I1050L,1050,train
I1050M,1050,train
I1050N,1050,train
I1050S,1050,train
I1050T,1050,train
I1050V,1050,train
I1057F,1057,train
I1057L,1057,train
I1057M,1057,train
I1057N,1057,train
I1057S,1057,train
I1057T,1057,train
I1057V,1057,train
I1063F,1063,test
I1063L,1063,train
I1063M,1063,train
I1063N,1063,test
I1063S,1063,train
I1063T,1063,train
I1063V,1063,train
I1072F,1072,validation
I1072L,1072,train
I1072M,1072,train
I1072N,1072,train
I1072S,1072,train
I1072T,1072,train
I1072V,1072,train
I1094F,1094,train
I1094L,1094,train
I1094M,1094,train
I1094N,1094,train
I1094S,1094,validation
I1094T,1094,train
I1094V,1094,test
I1110F,1110,train
I1110L,1110,train
I1110M,1110,train
I1110N,1110,train
I1110S,1110,train
I1110T,1110,train
I1110V,1110,train
I1120F,1120,train
I1120L,1120,test
I1120M,1120,test
I1120N,1120,test
I1120S,1120,validation
I1120T,1120,validation
I1120V,1120,train
I1166F,1166,validation
I1166L,1166,train
I1166M,1166,train
I1166N,1166,train
I1166S,1166,train
I1166T,1166,train
I1166V,1166,train
I1168F,1168,train
I1168L,1168,train
I1168M,1168,train
I1168N,1168,train
I1168S,1168,train
I1168T,1168,train
I1168V,1168,test
I1179F,1179,train
I1179L,1179,train
I1179M,1179,train
I1179N,1179,train
I1179S,1179,train
I1179T,1179,train
I1179V,1179,train
I118F,118,train
I118L,118,train
I118M,118,train
I118N,118,train
I118S,118,train
I118T,118,train
I118V,118,train
I1195F,1195,train
I1195L,1195,train
I1195M,1195,train
I1195N,1195,train
I1195S,1195,train
I1195T,1195,train
I1195V,1195,train
I1196F,1196,train
I1196L,1196,train
I1196M,1196,train
I1196N,1196,train
I1196S,1196,validation
I1196T,1196,train
I1196V,1196,train
I11F,11,test
I11L,11,train
I11M,11,train
I11N,11,train
I11S,11,test
I11T,11,validation
I11V,11,validation
I122F,122,train
I122L,122,train
I122M,122,train
I122N,122,train
I122S,122,train
I122T,122,train
I122V,122,validation
I1269F,1269,train
I1269L,1269,test
I1269M,1269,train
I1269N,1269,validation
I1269S,1269,test
I1269T,1269,train
I1269V,1269,train
I1270F,1270,train
I1270L,1270,train
I1270M,1270,train
I1270N,1270,validation
I1270S,1270,train
I1270T,1270,train
I1270V,1270,train
I1273F,1273,train
I1273L,1273,train
I1273M,1273,train
I1273N,1273,train
I1273S,1273,train
I1273T,1273,validation
I1273V,1273,train
I1281F,1281,test
I1281L,1281,test
I1281M,1281,train
I1281N,1281,train
I1281S,1281,train
I1281T,1281,train
I1281V,1281,test
I1302F,1302,train
I1302L,1302,train
I1302M,1302,train
I1302N,1302,train
I1302S,1302,train
I1302T,1302,train
I1302V,1302,train
I1309F,1309,train
I1309L,1309,train
I1309M,1309,train
I1309N,1309,train
I1309S,1309,train
I1309T,1309,train
I1309V,1309,train
I1310F,1310,train
I1310L,1310,train
I1310M,1310,train
I1310N,1310,train
I1310S,1310,train
I1310T,1310,train
I1310V,1310,train
I1331F,1331,train
I1331L,1331,train
I1331M,1331,train
I1331N,1331,train
I1331S,1331,train
I1331T,1331,train
I1331V,1331,validation
I1348F,1348,train
I1348L,1348,train
I1348M,1348,train
I1348N,1348,train
I1348S,1348,train
I1348T,1348,train
I1348V,1348,train
I1352F,1352,train
I1352L,1352,train
I1352M,1352,train
I1352N,1352,train
I1352S,1352,train
I1352T,1352,validation
I1352V,1352,test
I135F,135,test
I135L,135,train
I135M,135,train
I135N,135,train
I135S,135,train
I135T,135,test
I135V,135,test
I1360F,1360,train
I1360L,1360,validation
I1360M,1360,validation
I1360N,1360,train
I1360S,1360,train
I1360T,1360,train
I1360V,1360,train
I154F,154,train
I154L,154,train
I154M,154,train
I154N,154,test
I154S,154,validation
I154T,154,train
I154V,154,train
I162F,162,train
I162L,162,train
I162M,162,validation
I162N,162,train
I162S,162,test
I162T,162,train
I162V,162,train
I170F,170,test
I170L,170,train
I170M,170,train
I170N,170,train
I170S,170,train
I170T,170,train
I170V,170,validation
I186F,186,train
I186L,186,train
I186M,186,train
I186N,186,train
I186S,186,train
I186T,186,test
I186V,186,validation
I201F,201,validation
I201L,201,train
I201M,201,train
I201N,201,train
I201S,201,train
I201T,201,train
I201V,201,test
I211F,211,train
I211L,211,train
I211M,211,train
I211N,211,train
I211S,211,train
I211T,211,train
I211V,211,test
I21F,21,train
I21L,21,train
I21M,21,train
I21N,21,train
I21S,21,train
I21T,21,train
I21V,21,train
I226F,226,train
I226L,226,train
I226M,226,train
I226N,226,train
I226S,226,validation
I226T,226,test
I226V,226,train
I242F,242,train
I242L,242,validation
I242M,242,train
I242N,242,train
I242S,242,train
I242T,242,test
I242V,242,train
I282F,282,test
I282L,282,train
I282M,282,train
I282N,282,train
I282S,282,train
I282T,282,train
I282V,282,test
I300F,300,test
I300L,300,train
I300M,300,train
I300N,300,train
I300S,300,train
I300T,300,train
I300V,300,train
I305F,305,test
I305L,305,train
I305M,305,train
I305N,305,train
I305S,305,train
I305T,305,test
I305V,305,train
I312F,312,train
I312L,312,train
I312M,312,test
I312N,312,train
I312S,312,test
I312T,312,validation
I312V,312,train
I322F,322,train
I322L,322,train
I322M,322,train
I322N,322,train
I322S,322,train
I322T,322,train
I322V,322,validation
I350F,350,train
I350L,350,train
I350M,350,train
I350N,350,validation
I350S,350,train
I350T,350,train
I350V,350,train
I363F,363,train
I363L,363,train
I363M,363,validation
I363N,363,train
I363S,363,train
I363T,363,validation
I363V,363,train
I376F,376,train
I376L,376,validation
I376M,376,train
I376N,376,test
I376S,376,train
I376T,376,train
I376V,376,train
I379F,379,train
I379L,379,train
I379M,379,train
I379N,379,validation
I379S,379,train
I379T,379,train
I379V,379,train
I410F,410,train
I410L,410,test
I410M,410,train
I410N,410,train
I410S,410,train
I410T,410,train
I410V,410,train
I414F,414,train
I414L,414,train
I414M,414,train
I414N,414,train
I414S,414,train
I414T,414,test
I414V,414,train
I422F,422,validation
I422L,422,train
I422M,422,train
I422N,422,train
I422S,422,test
I422T,422,train
I422V,422,validation
I43F,43,train
I43L,43,train
I43M,43,train
I43N,43,train
I43S,43,train
I43T,43,train
I43V,43,train
I440F,440,train
I440L,440,train
I440M,440,train
I440N,440,train
I440S,440,train
I440T,440,train
I440V,440,train
I443F,443,train
I443L,443,train
I443M,443,train
I443N,443,train
I443S,443,train
I443T,443,test
I443V,443,train
I448F,448,train
I448L,448,test
I448M,448,validation
I448N,448,test
I448S,448,train
I448T,448,train
I448V,448,test
I473F,473,train
I473L,473,train
I473M,473,train
I473N,473,train
I473S,473,train
I473T,473,train
I473V,473,train
I48F,48,train
I48L,48,train
I48M,48,train
I48N,48,validation
I48S,48,train
I48T,48,train
I48V,48,train
I492F,492,train
I492L,492,train
I492M,492,train
I492N,492,train
I492S,492,train
I492T,492,train
I492V,492,train
I548F,548,train
I548L,548,validation
I548M,548,train
I548N,548,train
I548S,548,train
I548T,548,train
I548V,548,train
I572F,572,train
I572L,572,train
I572M,572,train
I572N,572,test
I572S,572,validation
I572T,572,train
I572V,572,train
I580F,580,train
I580L,580,train
I580M,580,train
I580N,580,train
I580S,580,train
I580T,580,train
I580V,580,validation
I600F,600,test
I600L,600,train
I600M,600,validation
I600N,600,validation
I600S,600,train
I600T,600,train
I600V,600,validation
I601F,601,train
I601L,601,train
I601M,601,train
I601N,601,train
I601S,601,test
I601T,601,train
I601V,601,train
I615F,615,train
I615L,615,train
I615M,615,train
I615N,615,train
I615S,615,train
I615T,615,train
I615V,615,train
I619F,619,test
I619L,619,train
I619M,619,train
I619N,619,train
I619S,619,train
I619T,619,test
I619V,619,train
I632F,632,train
I632L,632,train
I632M,632,train
I632N,632,train
I632S,632,train
I632T,632,train
I632V,632,train
I667F,667,train
I667L,667,train
I667M,667,train
I667N,667,train
I667S,667,train
I667T,667,train
I667V,667,train
I670F,670,train
I670L,670,train
I670M,670,train
I670N,670,train
I670S,670,train
I670T,670,train
I670V,670,train
I679F,679,train
I679L,679,train
I679M,679,train
I679N,679,validation
I679S,679,test
I679T,679,train
I679V,679,train
I697F,697,train
I697L,697,train
I697M,697,train
I697N,697,validation
I697S,697,train
I697T,697,train
I697V,697,train
I708F,708,train
I708L,708,validation
I708M,708,train
I708N,708,train
I708S,708,train
I708T,708,train
I708V,708,validation
I724F,724,validation
I724L,724,train
I724M,724,train
I724N,724,train
I724S,724,test
I724T,724,test
I724V,724,train
I733F,733,train
I733L,733,validation
I733M,733,train
I733N,733,validation
I733S,733,train
I733T,733,train
I733V,733,train
I737F,737,train
I737L,737,train
I737M,737,train
I737N,737,train
I737S,737,train
I737T,737,validation
I737V,737,train
I759F,759,train
I759L,759,train
I759M,759,train
I759N,759,validation
I759S,759,test
I759T,759,train
I759V,759,train
I761F,761,train
I761L,761,train
I761M,761,train
I761N,761,train
I761S,761,train
I761T,761,train
I761V,761,train
I784F,784,train
I784L,784,train
I784M,784,train
I784N,784,train
I784S,784,train
I784T,784,train
I784V,784,train
I788F,788,train
I788L,788,test
I788M,788,train
I788N,788,test
I788S,788,validation
I788T,788,test
I788V,788,train
I795F,795,train
I795L,795,train
I795M,795,train
I795N,795,train
I795S,795,train
I795T,795,train
I795V,795,train
I79F,79,train
I79L,79,train
I79M,79,train
I79N,79,train
I79S,79,train
I79T,79,train
I79V,79,train
I7F,7,train
I7L,7,validation
I7M,7,train
I7N,7,train
I7S,7,test
I7T,7,train
I7V,7,test
I830F,830,train
I830L,830,validation
I830M,830,train
I830N,830,test
I830S,830,test
I830T,830,train
I830V,830,train
I841F,841,test
I841L,841,train
I841M,841,train
I841N,841,train
I841S,841,train
I841T,841,test
I841V,841,train
I852F,852,test
I852L,852,train
I852M,852,validation
I852N,852,test
I852S,852,test
I852T,852,test
I852V,852,train
I85F,85,train
I85L,85,train
I85M,85,train
I85N,85,train
I85S,85,train
I85T,85,train
I85V,85,train
I892F,892,validation
I892L,892,validation
I892M,892,train
I892N,892,train
I892S,892,test
I892T,892,test
I892V,892,train
I917F,917,train
I917L,917,test
I917M,917,train
I917N,917,train
I917S,917,train
I917T,917,train
I917V,917,train
I927F,927,test
I927L,927,train
I927M,927,train
I927N,927,train
I927S,927,train
I927T,927,validation
I927V,927,validation
I934F,934,train
I934L,934,train
I934M,934,validation
I934N,934,train
I934S,934,train
I934T,934,train
I934V,934,train
I950F,950,train
I950L,950,train
I950M,950,train
I950N,950,train
I950S,950,train
I950T,950,train
I950V,950,train
I956F,956,train
I956L,956,test
I956M,956,train
I956N,956,train
I956S,956,train
I956T,956,train
I956V,956,train
I978F,978,test
I978L,978,test
I978M,978,train
I978N,978,train
I978S,978,train
I978T,978,test
I978V,978,train
I998F,998,train
I998L,998,train
I998M,998,train
I998N,998,validation
I998S,998,train
I998T,998,train
I998V,998,train
K1000E,1000,train
K1000I,1000,train
K1000N,1000,train
K1000Q,1000,train
K1000R,1000,train
K1000T,1000,train
K1003E,1003,train
K1003I,1003,train
K1003N,1003,train
K1003Q,1003,train
K1003R,1003,test
K1003T,1003,train
K1014E,1014,train
K1014M,1014,validation
K1014N,1014,train
K1014Q,1014,train
K1014R,1014,train
K1014T,1014,train
K1020E,1020,train
K1020I,1020,train
K1020N,1020,train
K1020Q,1020,train
K1020R,1020,train
K1020T,1020,train
K1024E,1024,train
K1024M,1024,train
K1024N,1024,train
K1024Q,1024,train
K1024R,1024,test
K1024T,1024,train
K1031E,1031,test
K1031I,1031,validation
K1031N,1031,validation
K1031Q,1031,train
K1031R,1031,train
K1031T,1031,train
K1035E,1035,validation
K1035M,1035,train
K1035N,1035,train
K1035Q,1035,train
K1035R,1035,train
K1035T,1035,train
K1047E,1047,train
K1047M,1047,train
K1047N,1047,train
K1047Q,1047,train
K1047R,1047,train
K1047T,1047,train
K1059E,1059,train
K1059M,1059,train
K1059N,1059,validation
K1059Q,1059,train
K1059R,1059,train
K1059T,1059,train
K1076E,1076,train
K1076I,1076,train
K1076N,1076,train
K1076Q,1076,train
K1076R,1076,train
K1076T,1076,train
K1085E,1085,train
K1085M,1085,train
K1085N,1085,train
K1085Q,1085,train
K1085R,1085,train
K1085T,1085,train
K1096E,1096,train
K1096M,1096,validation
K1096N,1096,train
K1096Q,1096,train
K1096R,1096,train
K1096T,1096,train
K1097E,1097,train
K1097I,1097,train
K1097N,1097,train
K1097Q,1097,train
K1097R,1097,train
K1097T,1097,validation
K1107E,1107,train
K1107M,1107,test
K1107N,1107,train
K1107Q,1107,validation
K1107R,1107,validation
K1107T,1107,train
K1113E,1113,validation
K1113I,1113,train
K1113N,1113,train
K1113Q,1113,test
K1113R,1113,train
K1113T,1113,train
K1118E,1118,train
K1118M,1118,train
K1118N,1118,train
K1118Q,1118,train
K1118R,1118,train
K1118T,1118,train
K111E,111,train
K111M,111,train
K111N,111,train
K111Q,111,train
K111R,111,train
K111T,111,train
K1123E,1123,train
K1123M,1123,train
K1123N,1123,train
K1123Q,1123,test
K1123R,1123,train
K1123T,1123,train
K1124E,1124,train
K1124I,1124,train
K1124N,1124,train
K1124Q,1124,train
K1124R,1124,test
K1124T,1124,train
K1129E,1129,train
K1129M,1129,train
K1129N,1129,train
K1129Q,1129,train
K1129R,1129,train
K1129T,1129,train
K112E,112,train
K112I,112,train
K112N,112,train
K112Q,112,test
K112R,112,train
K112T,112,train
K1130E,1130,train
K1130I,1130,train
K1130N,1130,train
K1130Q,1130,train
K1130R,1130,test
K1130T,1130,validation
K1148E,1148,train
K1148M,1148,train
K1148N,1148,validation
K1148Q,1148,train
K1148R,1148,train
K1148T,1148,train
K1151E,1151,train
K1151M,1151,train
K1151N,1151,train
K1151Q,1151,train
K1151R,1151,train
K1151T,1151,train
K1153E,1153,train
K1153I,1153,validation
K1153N,1153,test
K1153Q,1153,test
K1153R,1153,train
K1153T,1153,train
K1155E,1155,test
K1155M,1155,train
K1155N,1155,train
K1155Q,1155,train
K1155R,1155,train
K1155T,1155,train
K1156E,1156,train
K1156I,1156,train
K1156N,1156,train
K1156Q,1156,train
K1156R,1156,train
K1156T,1156,train
K1158E,1158,train
K1158I,1158,train
K1158N,1158,train
K1158Q,1158,train
K1158R,1158,train
K1158T,1158,train
K1161E,1161,train
K1161M,1161,train
K1161N,1161,train
K1161Q,1161,train
K1161R,1161,train
K1161T,1161,train
K1176E,1176,train
K1176M,1176,test
K1176N,1176,validation
K1176Q,1176,train
K1176R,1176,train
K1176T,1176,train
K1185E,1185,train
K1185I,1185,train
K1185N,1185,validation
K1185Q,1185,test
K1185R,1185,train
K1185T,1185,train
K1188E,1188,train
K1188M,1188,validation
K1188N,1188,train
K1188Q,1188,test
K1188R,1188,train
K1188T,1188,train
K1191E,1191,train
K1191M,1191,train
K1191N,1191,validation
K1191Q,1191,train
K1191R,1191,train
K1191T,1191,train
K1192E,1192,train
K1192I,1192,train
K1192N,1192,validation
K1192Q,1192,train
K1192R,1192,train
K1192T,1192,train
K1197E,1197,train
K1197M,1197,test
K1197N,1197,train
K1197Q,1197,train
K1197R,1197,train
K1197T,1197,train
K1200E,1200,train
K1200M,1200,train
K1200N,1200,train
K1200Q,1200,validation
K1200R,1200,train
K1200T,1200,train
K1211E,1211,train
K1211M,1211,train
K1211N,1211,validation
K1211Q,1211,train
K1211R,1211,train
K1211T,1211,train
K1222E,1222,train
K1222I,1222,train
K1222N,1222,train
K1222Q,1222,train
K1222R,1222,train
K1222T,1222,test
K1231E,1231,train
K1231M,1231,train
K1231N,1231,train
K1231Q,1231,train
K1231R,1231,train
K1231T,1231,train
K1244E,1244,validation
K1244M,1244,train
K1244N,1244,test
K1244Q,1244,train
K1244R,1244,train
K1244T,1244,train
K1246E,1246,train
K1246I,1246,train
K1246N,1246,validation
K1246Q,1246,train
K1246R,1246,train
K1246T,1246,train
K1255E,1255,validation
K1255I,1255,train
K1255N,1255,train
K1255Q,1255,validation
K1255R,1255,train
K1255T,1255,train
K1263E,1263,validation
K1263M,1263,train
K1263N,1263,validation
K1263Q,1263,train
K1263R,1263,validation
K1263T,1263,train
K1278E,1278,train
K1278I,1278,train
K1278N,1278,train
K1278Q,1278,test
K1278R,1278,train
K1278T,1278,train
K1289E,1289,train
K1289M,1289,train
K1289N,1289,validation
K1289Q,1289,train
K1289R,1289,validation
K1289T,1289,train
K1296E,1296,train
K1296I,1296,test
K1296N,1296,train
K1296Q,1296,train
K1296R,1296,validation
K1296T,1296,train
K1300E,1300,train
K1300M,1300,test
K1300N,1300,train
K1300Q,1300,train
K1300R,1300,train
K1300T,1300,train
K131E,131,train
K131M,131,train
K131N,131,train
K131Q,131,validation
K131R,131,train
K131T,131,train
K1325E,1325,train
K1325M,1325,test
K1325N,1325,train
K1325Q,1325,train
K1325R,1325,train
K1325T,1325,train
K1334E,1334,train
K1334I,1334,train
K1334N,1334,train
K1334Q,1334,validation
K1334R,1334,validation
K1334T,1334,train
K1340E,1340,train
K1340M,1340,train
K1340N,1340,train
K1340Q,1340,train
K1340R,1340,train
K1340T,1340,train
K140E,140,train
K140M,140,train
K140N,140,train
K140Q,140,train
K140R,140,train
K140T,140,train
K141E,141,train
K141I,141,train
K141N,141,train
K141Q,141,train
K141R,141,train
K141T,141,train
K148E,148,train
K148I,148,validation
K148N,148,train
K148Q,148,train
K148R,148,train
K148T,148,train
K163E,163,validation
K163M,163,train
K163N,163,train
K163Q,163,train
K163R,163,train
K163T,163,train
K183E,183,train
K183M,183,train
K183N,183,train
K183Q,183,validation
K183R,183,train
K183T,183,train
K209E,209,train
K209I,209,test
K209N,209,train
K209Q,209,train
K209R,209,validation
K209T,209,train
K218E,218,train
K218M,218,train
K218N,218,train
K218Q,218,validation
K218R,218,train
K218T,218,train
K233E,233,train
K233M,233,train
K233N,233,train
K233Q,233,train
K233R,233,train
K233T,233,train
K234E,234,train
K234I,234,train
K234N,234,train
K234Q,234,train
K234R,234,train
K234T,234,train
K253E,253,train
K253M,253,train
K253N,253,train
K253Q,253,train
K253R,253,validation
K253T,253,train
K263E,263,train
K263I,263,train
K263N,263,train
K263Q,263,train
K263R,263,train
K263T,263,train
K268E,268,train
K268M,268,train
K268N,268,train
K268Q,268,train
K268R,268,train
K268T,268,train
K26E,26,train
K26I,26,train
K26N,26,train
K26Q,26,train
K26R,26,train
K26T,26,train
K294E,294,train
K294M,294,train
K294N,294,train
K294Q,294,train
K294R,294,test
K294T,294,train
K30E,30,train
K30M,30,validation
K30N,30,train
K30Q,30,train
K30R,30,train
K30T,30,train
K314E,314,validation
K314I,314,train
K314N,314,train
K314Q,314,validation
K314R,314,train
K314T,314,train
K31E,31,train
K31M,31,train
K31N,31,validation
K31Q,31,train
K31R,31,train
K31T,31,train
K323E,323,test
K323M,323,train
K323N,323,validation
K323Q,323,validation
K323R,323,train
K323T,323,train
K336E,336,test
K336M,336,train
K336N,336,train
K336Q,336,validation
K336R,336,train
K336T,336,train
K33E,33,validation
K33M,33,validation
K33N,33,train
K33Q,33,train
K33R,33,train
K33T,33,train
K346E,346,train
K346M,346,test
K346N,346,train
K346Q,346,train
K346R,346,train
K346T,346,validation
K348E,348,train
K348I,348,test
K348N,348,train
K348Q,348,train
K348R,348,test
K348T,348,train
K356E,356,test
K356M,356,train
K356N,356,train
K356Q,356,train
K356R,356,train
K356T,356,train
K374E,374,train
K374M,374,train
K374N,374,train
K374Q,374,test
K374R,374,train
K374T,374,validation
K377E,377,train
K377I,377,train
K377N,377,train
K377Q,377,train
K377R,377,train
K377T,377,train
K382E,382,validation
K382M,382,train
K382N,382,train
K382Q,382,train
K382R,382,train
K382T,382,train
K392E,392,train
K392I,392,train
K392N,392,train
K392Q,392,train
K392R,392,train
K392T,392,train
K3E,3,train
K3I,3,train
K3N,3,test
K3Q,3,train
K3R,3,train
K3T,3,train
K401E,401,test
K401M,401,train
K401N,401,train
K401Q,401,train
K401R,401,test
K401T,401,train
K434E,434,test
K434M,434,test
K434N,434,train
K434Q,434,train
K434R,434,train
K434T,434,train
K439E,439,train
K439M,439,train
K439N,439,train
K439Q,439,train
K439R,439,validation
K439T,439,test
K442E,442,train
K442I,442,train
K442N,442,train
K442Q,442,train
K442R,442,train
K442T,442,train
K44E,44,train
K44M,44,train
K44N,44,train
K44Q,44,train
K44R,44,train
K44T,44,train
K45E,45,train
K45I,45,train
K45N,45,train
K45Q,45,train
K45R,45,validation
K45T,45,train
K468E,468,train
K468I,468,train
K468N,468,train
K468Q,468,validation
K468R,468,test
K468T,468,train
K484E,484,train
K484M,484,validation
K484N,484,train
K484Q,484,train
K484R,484,train
K484T,484,train
K4E,4,train
K4I,4,train
K4N,4,train
K4Q,4,train
K4R,4,train
K4T,4,train
K500E,500,train
K500M,500,train
K500N,500,train
K500Q,500,train
K500R,500,test
K500T,500,train
K506E,506,test
K506I,506,train
K506N,506,train
K506Q,506,train
K506R,506,train
K506T,506,train
K510E,510,train
K510M,510,train
K510N,510,train
K510Q,510,train
K510R,510,train
K510T,510,train
K526E,526,train
K526M,526,train
K526N,526,train
K526Q,526,train
K526R,526,test
K526T,526,train
K528E,528,validation
K528I,528,train
K528N,528,train
K528Q,528,train
K528R,528,train
K528T,528,test
K536E,536,test
K536M,536,train
K536N,536,train
K536Q,536,test
K536R,536,train
K536T,536,train
K545E,545,train
K545M,545,train
K545N,545,test
K545Q,545,train
K545R,545,train
K545T,545,train
K546E,546,train
K546I,546,train
K546N,546,train
K546Q,546,train
K546R,546,train
K546T,546,train
K554E,554,train
K554I,554,train
K554N,554,train
K554Q,554,validation
K554R,554,train
K554T,554,train
K558E,558,train
K558M,558,validation
K558N,558,train
K558Q,558,train
K558R,558,train
K558T,558,train
K562E,562,train
K562M,562,validation
K562N,562,train
K562Q,562,train
K562R,562,train
K562T,562,train
K565E,565,train
K565I,565,train
K565N,565,test
K565Q,565,train
K565R,565,train
K565T,565,train
K570E,570,train
K570M,570,train
K570N,570,test
K570Q,570,train
K570R,570,train
K570T,570,train
K571E,571,train
K571I,571,train
K571N,571,train
K571Q,571,validation
K571R,571,train
K571T,571,train
K599E,599,train
K599M,599,train
K599N,599,train
K599Q,599,test
K599R,599,train
K599T,599,train
K602E,602,test
K602M,602,validation
K602N,602,train
K602Q,602,train
K602R,602,validation
K602T,602,train
K604E,604,validation
K604I,604,train
K604N,604,train
K604Q,604,validation
K604R,604,train
K604T,604,train
K637E,637,test
K637M,637,train
K637N,637,train
K637Q,637,train
K637R,637,train
K637T,637,train
K646E,646,train
K646I,646,train
K646N,646,train
K646Q,646,validation
K646R,646,train
K646T,646,train
K649E,649,train
K649I,649,test
K649N,649,test
K649Q,649,train
K649R,649,train
K649T,649,train
K652E,652,train
K652M,652,train
K652N,652,train
K652Q,652,train
K652R,652,train
K652T,652,train
K65E,65,train
K65I,65,train
K65N,65,train
K65Q,65,train
K65R,65,train
K65T,65,train
K665E,665,train
K665M,665,validation
K665N,665,train
K665Q,665,train
K665R,665,train
K665T,665,train
K673E,673,train
K673I,673,train
K673N,673,train
K673Q,673,train
K673R,673,train
K673T,673,train
K677E,677,train
K677M,677,train
K677N,677,train
K677Q,677,train
K677R,677,train
K677T,677,test
K684E,684,train
K684I,684,train
K684N,684,train
K684Q,684,train
K684R,684,test
K684T,684,train
K705E,705,train
K705I,705,train
K705N,705,train
K705Q,705,train
K705R,705,train
K705T,705,test
K710E,710,train
K710M,710,train
K710N,710,train
K710Q,710,train
K710R,710,test
K710T,710,train
K734E,734,train
K734M,734,train
K734N,734,train
K734Q,734,train
K734R,734,train
K734T,734,train
K735E,735,train
K735I,735,train
K735N,735,train
K735Q,735,train
K735R,735,train
K735T,735,train
K742E,742,train
K742M,742,train
K742N,742,train
K742Q,742,train
K742R,742,test
K742T,742,train
K749E,749,train
K749I,749,train
K749N,749,train
K749Q,749,train
K749R,749,train
K749T,749,train
K755E,755,train
K755M,755,train
K755N,755,train
K755Q,755,validation
K755R,755,train
K755T,755,train
K76E,76,train
K76M,76,train
K76N,76,train
K76Q,76,train
K76R,76,train
K76T,76,train
K772E,772,validation
K772I,772,train
K772N,772,train
K772Q,772,train
K772R,772,validation
K772T,772,train
K775E,775,train
K775M,775,train
K775N,775,test
K775Q,775,train
K775R,775,train
K775T,775,train
K782E,782,train
K782I,782,train
K782N,782,train
K782Q,782,test
K782R,782,train
K782T,782,train
K789E,789,train
K789M,789,test
K789N,789,train
K789Q,789,train
K789R,789,train
K789T,789,train
K797E,797,test
K797I,797,train
K797N,797,train
K797Q,797,train
K797R,797,test
K797T,797,train
K810E,810,train
K810M,810,train
K810N,810,test
K810Q,810,train
K810R,810,train
K810T,810,train
K848E,848,train
K848I,848,train
K848N,848,train
K848Q,848,train
K848R,848,train
K848T,848,train
K855E,855,train
K855M,855,train
K855N,855,validation
K855Q,855,train
K855R,855,train
K855T,855,train
K862E,862,train
K862I,862,train
K862N,862,train
K862Q,862,train
K862R,862,train
K862T,862,train
K866E,866,train
K866M,866,train
K866N,866,test
K866Q,866,test
K866R,866,train
K866T,866,train
K877E,877,train
K877M,877,validation
K877N,877,train
K877Q,877,test
K877R,877,test
K877T,877,train
K878E,878,validation
K878I,878,train
K878N,878,train
K878Q,878,train
K878R,878,train
K878T,878,train
K880E,880,train
K880M,880,validation
K880N,880,train
K880Q,880,test
K880R,880,train
K880T,880,train
K890E,890,train
K890I,890,train
K890N,890,train
K890Q,890,train
K890R,890,test
K890T,890,train
K896E,896,validation
K896M,896,train
K896N,896,train
K896Q,896,train
K896R,896,train
K896T,896,train
K902E,902,train
K902I,902,train
K902N,902,train
K902Q,902,validation
K902R,902,train
K902T,902,validation
K913E,913,train
K913I,913,train
K913N,913,validation
K913Q,913,train
K913R,913,train
K913T,913,train
K918E,918,train
K918M,918,train
K918N,918,test
K918Q,918,test
K918R,918,validation
K918T,918,train
K929E,929,train
K929M,929,train
K929N,929,train
K929Q,929,train
K929R,929,train
K929T,929,test
K92E,92,train
K92M,92,test
K92N,92,test
K92Q,92,train
K92R,92,train
K92T,92,train
K942E,942,train
K942M,942,train
K942N,942,train
K942Q,942,train
K942R,942,train
K942T,942,train
K948E,948,train
K948I,948,test
K948N,948,train
K948Q,948,train
K948R,948,train
K948T,948,train
K954E,954,train
K954M,954,train
K954N,954,train
K954Q,954,train
K954R,954,train
K954T,954,train
K959E,959,train
K959M,959,test
K959N,959,train
K959Q,959,train
K959R,959,validation
K959T,959,train
K961E,961,train
K961I,961,train
K961N,961,train
K961Q,961,train
K961R,961,train
K961T,961,train
K968E,968,train
K968I,968,validation
K968N,968,test
K968Q,968,train
K968R,968,train
K968T,968,train
K974E,974,train
K974M,974,train
K974N,974,train
K974Q,974,train
K974R,974,train
K974T,974,train
K999E,999,train
K999M,999,validation
K999N,999,train
K999Q,999,train
K999R,999,train
K999T,999,train
L1004M,1004,train
L1004P,1004,train
L1004Q,1004,train
L1004R,1004,validation
L1004V,1004,train
L101M,101,train
L101P,101,train
L101Q,101,train
L101R,101,train
L101V,101,train
L1052M,1052,train
L1052P,1052,train
L1052Q,1052,train
L1052R,1052,train
L1052V,1052,train
L1062M,1062,test
L1062P,1062,train
L1062Q,1062,train
L1062R,1062,train
L1062V,1062,train
L106M,106,train
L106P,106,train
L106Q,106,train
L106R,106,validation
L106V,106,validation
L1087M,1087,train
L1087P,1087,train
L1087Q,1087,train
L1087R,1087,train
L1087V,1087,train
L1111M,1111,train
L1111P,1111,train
L1111Q,1111,train
L1111R,1111,validation
L1111V,1111,train
L1119M,1119,train
L1119P,1119,validation
L1119Q,1119,train
L1119R,1119,test
L1119V,1119,train
L1144M,1144,test
L1144P,1144,train
L1144Q,1144,train
L1144R,1144,train
L1144V,1144,train
L1157M,1157,train
L1157P,1157,train
L1157Q,1157,train
L1157R,1157,train
L1157V,1157,train
L1163M,1163,validation
L1163P,1163,train
L1163Q,1163,train
L1163R,1163,train
L1163V,1163,train
L1164M,1164,test
L1164P,1164,train
L1164Q,1164,validation
L1164R,1164,train
L1164V,1164,validation
L1182M,1182,train
L1182P,1182,train
L1182Q,1182,train
L1182R,1182,train
L1182V,1182,train
L1194M,1194,train
L1194P,1194,train
L1194Q,1194,train
L1194R,1194,train
L1194V,1194,test
L1198M,1198,train
L1198P,1198,train
L1198Q,1198,train
L1198R,1198,train
L1198V,1198,train
L1203M,1203,train
L1203P,1203,train
L1203Q,1203,train
L1203R,1203,test
L1203V,1203,validation
L1206M,1206,train
L1206P,1206,train
L1206Q,1206,train
L1206R,1206,train
L1206V,1206,train
L1214M,1214,test
L1214P,1214,test
L1214Q,1214,train
L1214R,1214,train
L1214V,1214,train
L1220M,1220,train
L1220P,1220,validation
L1220Q,1220,test
L1220R,1220,train
L1220V,1220,train
L1226M,1226,train
L1226P,1226,train
L1226Q,1226,train
L1226R,1226,train
L1226V,1226,train
L1228M,1228,train
L1228P,1228,train
L1228Q,1228,train
L1228R,1228,train
L1228V,1228,train
L1236M,1236,train
L1236P,1236,test
L1236Q,1236,train
L1236R,1236,train
L1236V,1236,train
L1238M,1238,train
L1238P,1238,train
L1238Q,1238,train
L1238R,1238,test
L1238V,1238,train
L1245M,1245,train
L1245P,1245,train
L1245Q,1245,train
L1245R,1245,train
L1245V,1245,train
L1257M,1257,train
L1257P,1257,validation
L1257Q,1257,train
L1257R,1257,train
L1257V,1257,train
L1266M,1266,train
L1266P,1266,train
L1266Q,1266,train
L1266R,1266,validation
L1266V,1266,train
L1282M,1282,validation
L1282P,1282,train
L1282Q,1282,test
L1282R,1282,train
L1282V,1282,validation
L1287M,1287,train
L1287P,1287,train
L1287Q,1287,train
L1287R,1287,train
L1287V,1287,train
L1291M,1291,validation
L1291P,1291,train
L1291Q,1291,train
L1291R,1291,test
L1291V,1291,train
L1312M,1312,train
L1312P,1312,train
L1312Q,1312,validation
L1312R,1312,train
L1312V,1312,train
L1315M,1315,train
L1315P,1315,train
L1315Q,1315,train
L1315R,1315,train
L1315V,1315,test
L1318M,1318,train
L1318P,1318,train
L1318Q,1318,train
L1318R,1318,validation
L1318V,1318,train
L1343M,1343,train
L1343P,1343,test
L1343Q,1343,train
L1343R,1343,train
L1343V,1343,train
L1347M,1347,train
L1347P,1347,train
L1347Q,1347,validation
L1347R,1347,train
L1347V,1347,train
L1355M,1355,train
L1355P,1355,train
L1355Q,1355,train
L1355R,1355,train
L1355V,1355,test
L1362M,1362,validation
L1362P,1362,validation
L1362Q,1362,test
L1362R,1362,train
L1362V,1362,train
L1365M,1365,train
L1365P,1365,train
L1365Q,1365,train
L1365R,1365,test
L1365V,1365,train
L138M,138,train
L138P,138,train
L138Q,138,validation
L138R,138,train
L138V,138,train
L142M,142,train
L142P,142,train
L142Q,142,train
L142R,142,train
L142V,142,train
L151M,151,train
L151P,151,train
L151Q,151,train
L151R,151,train
L151V,151,train
L153M,153,test
L153P,153,train
L153Q,153,train
L153R,153,train
L153V,153,train
L156M,156,test
L156P,156,validation
L156Q,156,train
L156R,156,train
L156V,156,train
L158M,158,train
L158P,158,train
L158Q,158,train
L158R,158,test
L158V,158,train
L169M,169,train
L169P,169,train
L169Q,169,train
L169R,169,train
L169V,169,train
L174M,174,train
L174P,174,train
L174Q,174,train
L174R,174,train
L174V,174,validation
L184M,184,train
L184P,184,validation
L184Q,184,train
L184R,184,train
L184V,184,test
L188M,188,train
L188P,188,train
L188Q,188,train
L188R,188,train
L188V,188,train
L195M,195,train
L195P,195,train
L195Q,195,train
L195R,195,train
L195V,195,train
L212M,212,train
L212P,212,train
L212Q,212,train
L212R,212,train
L212V,212,train
L216M,216,train
L216P,216,validation
L216Q,216,train
L216R,216,train
L216V,216,train
L222M,222,train
L222P,222,train
L222Q,222,validation
L222R,222,validation
L222V,222,train
L225M,225,train
L225P,225,test
L225Q,225,train
L225R,225,train
L225V,225,validation
L229M,229,test
L229P,229,train
L229Q,229,validation
L229R,229,train
L229V,229,train
L237M,237,train
L237P,237,train
L237Q,237,train
L237R,237,train
L237V,237,train
L241M,241,train
L241P,241,train
L241Q,241,train
L241R,241,train
L241V,241,train
L244M,244,train
L244P,244,train
L244Q,244,train
L244R,244,train
L244V,244,train
L246M,246,train
L246P,246,train
L246Q,246,train
L246R,246,train
L246V,246,train
L248M,248,train
L248P,248,train
L248Q,248,train
L248R,248,train
L248V,248,train
L258M,258,test
L258P,258,train
L258Q,258,test
L258R,258,test
L258V,258,train
L264M,264,train
L264P,264,train
L264Q,264,validation
L264R,264,train
L264V,264,train
L266M,266,train
L266P,266,train
L266Q,266,train
L266R,266,train
L266V,266,validation
L275M,275,train
L275P,275,train
L275Q,275,train
L275R,275,train
L275V,275,train
L278M,278,train
L278P,278,train
L278Q,278,test
L278R,278,train
L278V,278,train
L279M,279,test
L279P,279,train
L279Q,279,train
L279R,279,train
L279V,279,validation
L289M,289,test
L289P,289,train
L289Q,289,train
L289R,289,train
L289V,289,train
L291M,291,train
L291P,291,train
L291Q,291,train
L291R,291,train
L291V,291,validation
L296M,296,train
L296P,296,train
L296Q,296,train
L296R,296,train
L296V,296,test
L301M,301,validation
L301P,301,train
L301Q,301,train
L301R,301,train
L301V,301,validation
L302M,302,train
L302P,302,train
L302Q,302,train
L302R,302,train
L302V,302,train
L306M,306,train
L306P,306,train
L306Q,306,train
L306R,306,train
L306V,306,train
L317M,317,train
L317P,317,train
L317Q,317,train
L317R,317,train
L317V,317,train
L332M,332,train
L332P,332,train
L332Q,332,train
L332R,332,validation
L332V,332,validation
L334M,334,train
L334P,334,train
L334Q,334,train
L334R,334,train
L334V,334,train
L335M,335,train
L335P,335,test
L335Q,335,train
L335R,335,train
L335V,335,train
L338M,338,train
L338P,338,train
L338Q,338,validation
L338R,338,train
L338V,338,train
L343M,343,train
L343P,343,train
L343Q,343,train
L343R,343,test
L343V,343,validation
L35M,35,train
L35P,35,validation
L35Q,35,validation
L35R,35,train
L35V,35,train
L380M,380,validation
L380P,380,train
L380Q,380,train
L380R,380,train
L380V,380,train
L389M,389,validation
L389P,389,train
L389Q,389,test
L389R,389,train
L389V,389,validation
L390M,390,train
L390P,390,train
L390Q,390,train
L390R,390,train
L390V,390,train
L393M,393,train
L393P,393,train
L393Q,393,test
L393R,393,train
L393V,393,train
L398M,398,train
L398P,398,train
L398Q,398,train
L398R,398,train
L398V,398,train
L399M,399,validation
L399P,399,test
L399Q,399,train
L399R,399,train
L399V,399,train
L416M,416,test
L416P,416,train
L416Q,416,train
L416R,416,train
L416V,416,train
L419M,419,train
L419P,419,train
L419Q,419,train
L419R,419,train
L419V,419,train
L423M,423,train
L423P,423,train
L423Q,423,test
L423R,423,train
L423V,423,train
L433M,433,train
L433P,433,validation
L433Q,433,validation
L433R,433,train
L433V,433,train
L444M,444,train
L444P,444,validation
L444Q,444,train
L444R,444,train
L444V,444,train
L455M,455,train
L455P,455,train
L455Q,455,train
L455R,455,train
L455V,455,train
L47M,47,train
L47P,47,validation
L47Q,47,train
L47R,47,train
L47V,47,train
L502M,502,train
L502P,502,validation
L502Q,502,train
L502R,502,train
L502V,502,validation
L508M,508,train
L508P,508,train
L508Q,508,train
L508R,508,train
L508V,508,train
L513M,513,train
L513P,513,train
L513Q,513,train
L513R,513,train
L513V,513,train
L514M,514,train
L514P,514,train
L514Q,514,train
L514R,514,train
L514V,514,validation
L51M,51,train
L51P,51,train
L51Q,51,train
L51R,51,train
L51V,51,train
L524M,524,train
L524P,524,train
L524Q,524,validation
L524R,524,train
L524V,524,train
L52M,52,test
L52P,52,test
L52Q,52,train
L52R,52,train
L52V,52,validation
L540M,540,train
L540P,540,train
L540Q,540,train
L540R,540,train
L540V,540,validation
L551M,551,train
L551P,551,train
L551Q,551,test
L551R,551,train
L551V,551,train
L552M,552,train
L552P,552,train
L552Q,552,train
L552R,552,train
L552V,552,train
L564M,564,train
L564P,564,train
L564Q,564,train
L564R,564,train
L564V,564,train
L591M,591,train
L591P,591,train
L591Q,591,train
L591R,591,train
L591V,591,train
L597M,597,train
L597P,597,train
L597Q,597,train
L597R,597,test
L597V,597,train
L598M,598,train
L598P,598,train
L598Q,598,validation
L598R,598,train
L598V,598,train
L607M,607,train
L607P,607,train
L607Q,607,train
L607R,607,validation
L607V,607,validation
L616M,616,train
L616P,616,validation
L616Q,616,train
L616R,616,train
L616V,616,train
L621M,621,train
L621P,621,train
L621Q,621,test
L621R,621,train
L621V,621,validation
L623M,623,train
L623P,623,train
L623Q,623,test
L623R,623,train
L623V,623,train
L625M,625,train
L625P,625,train
L625Q,625,train
L625R,625,train
L625V,625,train
L636M,636,test
L636P,636,train
L636Q,636,train
L636R,636,train
L636V,636,train
L642M,642,train
L642P,642,train
L642Q,642,train
L642R,642,train
L642V,642,train
L64M,64,train
L64P,64,train
L64Q,64,train
L64R,64,train
L64V,64,train
L651M,651,train
L651P,651,train
L651Q,651,train
L651R,651,train
L651V,651,train
L662M,662,train
L662P,662,train
L662Q,662,train
L662R,662,validation
L662V,662,validation
L666M,666,train
L666P,666,train
L666Q,666,train
L666R,666,train
L666V,666,train
L680M,680,train
L680P,680,train
L680Q,680,train
L680R,680,train
L680V,680,train
L683M,683,train
L683P,683,train
L683Q,683,train
L683R,683,train
L683V,683,train
L696M,696,train
L696P,696,train
L696Q,696,train
L696R,696,train
L696V,696,train
L702M,702,train
L702P,702,train
L702Q,702,train
L702R,702,train
L702V,702,train
L720M,720,train
L720P,720,train
L720Q,720,validation
L720R,720,train
L720V,720,train
L727M,727,validation
L727P,727,train
L727Q,727,train
L727R,727,train
L727V,727,test
L738M,738,test
L738P,738,test
L738Q,738,train
L738R,738,test
L738V,738,train
L747M,747,train
L747P,747,train
L747Q,747,train
L747R,747,train
L747V,747,train
L791M,791,train
L791P,791,train
L791Q,791,train
L791R,791,train
L791V,791,validation
L796M,796,train
L796P,796,validation
L796Q,796,validation
L796R,796,validation
L796V,796,train
L806M,806,train
L806P,806,train
L806Q,806,train
L806R,806,train
L806V,806,train
L811M,811,validation
L811P,811,test
L811Q,811,validation
L811R,811,train
L811V,811,train
L813M,813,train
L813P,813,train
L813Q,813,test
L813R,813,train
L813V,813,validation
L816M,816,train
L816P,816,validation
L816Q,816,train
L816R,816,train
L816V,816,train
L828M,828,train
L828P,828,train
L828Q,828,train
L828R,828,train
L828V,828,train
L82M,82,train
L82P,82,test
L82Q,82,train
L82R,82,train
L82V,82,train
L833M,833,train
L833P,833,train
L833Q,833,train
L833R,833,train
L833V,833,train
L847M,847,train
L847P,847,test
L847Q,847,train
L847R,847,train
L847V,847,train
L857M,857,train
L857P,857,train
L857Q,857,train
L857R,857,train
L857V,857,train
L886M,886,train
L886P,886,train
L886Q,886,train
L886R,886,train
L886V,886,train
L887M,887,test
L887P,887,train
L887Q,887,train
L887R,887,train
L887V,887,train
L891M,891,train
L891P,891,train
L891Q,891,train
L891R,891,train
L891V,891,train
L900M,900,train
L900P,900,validation
L900Q,900,train
L900R,900,train
L900V,900,train
L908M,908,test
L908P,908,train
L908Q,908,test
L908R,908,train
L908V,908,test
L911M,911,train
L911P,911,train
L911Q,911,train
L911R,911,train
L911V,911,train
L921M,921,train
L921P,921,train
L921Q,921,train
L921R,921,train
L921V,921,validation
L935M,935,train
L935P,935,train
L935Q,935,train
L935R,935,train
L935V,935,test
L949M,949,train
L949P,949,validation
L949Q,949,train
L949R,949,train
L949V,949,train
L958M,958,train
L958P,958,train
L958Q,958,train
L958R,958,train
L958V,958,train
L962M,962,train
L962P,962,train
L962Q,962,validation
L962R,962,train
L962V,962,test
L989M,989,train
L989P,989,train
L989Q,989,train
L989R,989,train
L989V,989,test
L997M,997,train
L997P,997,validation
L997Q,997,train
L997R,997,validation
L997V,997,test
L9M,9,validation
L9P,9,train
L9Q,9,train
L9R,9,test
L9V,9,train
M1021I,1021,train
M1021K,1021,train
M1021L,1021,train
M1021R,1021,train
M1021T,1021,train
M1021V,1021,train
M1043I,1043,train
M1043K,1043,train
M1043L,1043,train
M1043R,1043,train
M1043T,1043,train
M1043V,1043,test
M1089I,1089,train
M1089K,1089,train
M1089L,1089,train
M1089R,1089,train
M1089T,1089,train
M1089V,1089,test
M1169I,1169,train
M1169K,1169,train
M1169L,1169,train
M1169R,1169,validation
M1169T,1169,train
M1169V,1169,train
M1213I,1213,train
M1213K,1213,validation
M1213L,1213,train
M1213R,1213,train
M1213T,1213,train
M1213V,1213,train
M161I,161,train
M161K,161,train
M161L,161,test
M161R,161,train
M161T,161,validation
M161V,161,train
M1I,1,validation
M1K,1,train
M1L,1,train
M1R,1,train
M1T,1,train
M1V,1,train
M321I,321,train
M321K,321,train
M321L,321,train
M321R,321,train
M321T,321,train
M321V,321,validation
M383I,383,train
M383K,383,test
M383L,383,test
M383R,383,train
M383T,383,train
M383V,383,train
M465I,465,train
M465K,465,test
M465L,465,train
M465R,465,train
M465T,465,train
M465V,465,train
M495I,495,train
M495K,495,train
M495L,495,train
M495R,495,train
M495T,495,train
M495V,495,train
M534I,534,train
M534K,534,train
M534L,534,train
M534R,534,train
M534T,534,train
M534V,534,validation
M631I,631,train
M631K,631,validation
M631L,631,train
M631R,631,train
M631T,631,train
M631V,631,train
M648I,648,train
M648K,648,test
M648L,648,train
M648R,648,test
M648T,648,validation
M648V,648,validation
M694I,694,train
M694K,694,train
M694L,694,validation
M694R,694,test
M694T,694,train
M694V,694,train
M751I,751,test
M751K,751,train
M751L,751,train
M751R,751,train
M751T,751,train
M751V,751,train
M763I,763,train
M763K,763,validation
M763L,763,train
M763R,763,train
M763T,763,train
M763V,763,validation
M781I,781,train
M781K,781,validation
M781L,781,train
M781R,781,train
M781T,781,validation
M781V,781,train
M822I,822,test
M822K,822,train
M822L,822,train
M822R,822,train
M822T,822,train
M822V,822,train
M879I,879,train
M879K,879,train
M879L,879,train
M879R,879,train
M879T,879,train
M879V,879,train
M90I,90,train
M90K,90,train
M90L,90,train
M90R,90,train
M90T,90,train
M90V,90,train
M939I,939,train
M939K,939,train
M939L,939,train
M939R,939,train
M939T,939,train
M939V,939,train
N1041D,1041,train
N1041H,1041,train
N1041I,1041,train
N1041K,1041,train
N1041S,1041,train
N1041T,1041,train
N1041Y,1041,train
N1044D,1044,train
N1044H,1044,train
N1044I,1044,train
N1044K,1044,train
N1044S,1044,train
N1044T,1044,validation
N1044Y,1044,train
N1054D,1054,train
N1054H,1054,train
N1054I,1054,train
N1054K,1054,train
N1054S,1054,train
N1054T,1054,validation
N1054Y,1054,train
N1066D,1066,train
N1066H,1066,train
N1066I,1066,train
N1066K,1066,train
N1066S,1066,train
N1066T,1066,train
N1066Y,1066,train
N1093D,1093,train
N1093H,1093,train
N1093I,1093,validation
N1093K,1093,validation
N1093S,1093,train
N1093T,1093,train
N1093Y,1093,train
N1115D,1115,train
N1115H,1115,train
N1115I,1115,train
N1115K,1115,train
N1115S,1115,train
N1115T,1115,test
N1115Y,1115,validation
N1177D,1177,validation
N1177H,1177,train
N1177I,1177,train
N1177K,1177,test
N1177S,1177,test
N1177T,1177,train
N1177Y,1177,validation
N1208D,1208,train
N1208H,1208,validation
N1208I,1208,train
N1208K,1208,train
N1208S,1208,test
N1208T,1208,train
N1208Y,1208,test
N121D,121,train
N121H,121,train
N121I,121,train
N121K,121,train
N121S,121,train
N121T,121,train
N121Y,121,train
N1224D,1224,train
N1224H,1224,test
N1224I,1224,validation
N1224K,1224,train
N1224S,1224,train
N1224T,1224,train
N1224Y,1224,train
N1234D,1234,train
N1234H,1234,train
N1234I,1234,test
N1234K,1234,test
N1234S,1234,train
N1234T,1234,train
N1234Y,1234,train
N1252D,1252,train
N1252H,1252,train
N1252I,1252,validation
N1252K,1252,train
N1252S,1252,train
N1252T,1252,train
N1252Y,1252,validation
N1286D,1286,train
N1286H,1286,train
N1286I,1286,train
N1286K,1286,train
N1286S,1286,train
N1286T,1286,train
N1286Y,1286,train
N1295D,1295,train
N1295H,1295,train
N1295I,1295,train
N1295K,1295,train
N1295S,1295,train
N1295T,1295,train
N1295Y,1295,train
N1308D,1308,validation
N1308H,1308,train
N1308I,1308,train
N1308K,1308,train
N1308S,1308,train
N1308T,1308,train
N1308Y,1308,train
N1317D,1317,train
N1317H,1317,train
N1317I,1317,train
N1317K,1317,train
N1317S,1317,train
N1317T,1317,test
N1317Y,1317,validation
N14D,14,train
N14H,14,train
N14I,14,train
N14K,14,train
N14S,14,test
N14T,14,train
N14Y,14,train
N175D,175,train
N175H,175,train
N175I,175,train
N175K,175,test
N175S,175,train
N175T,175,train
N175Y,175,train
N178D,178,test
N178H,178,train
N178I,178,train
N178K,178,train
N178S,178,test
N178T,178,train
N178Y,178,train
N193D,193,train
N193H,193,train
N193I,193,validation
N193K,193,train
N193S,193,train
N193T,193,train
N193Y,193,train
N199D,199,train
N199H,199,train
N199I,199,train
N199K,199,train
N199S,199,train
N199T,199,test
N199Y,199,train
N202D,202,train
N202H,202,train
N202I,202,train
N202K,202,train
N202S,202,train
N202T,202,train
N202Y,202,train
N224D,224,validation
N224H,224,train
N224I,224,train
N224K,224,train
N224S,224,train
N224T,224,train
N224Y,224,train
N235D,235,train
N235H,235,train
N235I,235,train
N235K,235,train
N235S,235,train
N235T,235,train
N235Y,235,test
N240D,240,train
N240H,240,train
N240I,240,train
N240K,240,train
N240S,240,train
N240T,240,train
N240Y,240,train
N251D,251,train
N251H,251,train
N251I,251,validation
N251K,251,test
N251S,251,train
N251T,251,train
N251Y,251,train
N255D,255,train
N255H,255,validation
N255I,255,train
N255K,255,train
N255S,255,train
N255T,255,train
N255Y,255,train
N277D,277,train
N277H,277,train
N277I,277,train
N277K,277,validation
N277S,277,train
N277T,277,test
N277Y,277,test
N295D,295,train
N295H,295,train
N295I,295,train
N295K,295,train
N295S,295,validation
N295T,295,train
N295Y,295,train
N309D,309,train
N309H,309,train
N309I,309,train
N309K,309,train
N309S,309,train
N309T,309,train
N309Y,309,train
N357D,357,validation
N357H,357,train
N357I,357,train
N357K,357,train
N357S,357,train
N357T,357,train
N357Y,357,train
N37D,37,train
N37H,37,train
N37I,37,train
N37K,37,test
N37S,37,train
N37T,37,train
N37Y,37,train
N394D,394,train
N394H,394,train
N394I,394,test
N394K,394,train
N394S,394,train
N394T,394,train
N394Y,394,test
N407D,407,train
N407H,407,train
N407I,407,test
N407K,407,train
N407S,407,train
N407T,407,train
N407Y,407,train
N436D,436,train
N436H,436,train
N436I,436,train
N436K,436,test
N436S,436,train
N436T,436,test
N436Y,436,train
N459D,459,train
N459H,459,test
N459I,459,train
N459K,459,train
N459S,459,train
N459T,459,test
N459Y,459,test
N46D,46,train
N46H,46,train
N46I,46,train
N46K,46,train
N46S,46,train
N46T,46,validation
N46Y,46,train
N477D,477,train
N477H,477,train
N477I,477,train
N477K,477,train
N477S,477,train
N477T,477,train
N477Y,477,train
N497D,497,train
N497H,497,train
N497I,497,train
N497K,497,train
N497S,497,train
N497T,497,train
N497Y,497,train
N501D,501,train
N501H,501,test
N501I,501,train
N501K,501,train
N501S,501,train
N501T,501,train
N501Y,501,train
N504D,504,train
N504H,504,train
N504I,504,train
N504K,504,train
N504S,504,train
N504T,504,train
N504Y,504,train
N522D,522,train
N522H,522,train
N522I,522,test
N522K,522,train
N522S,522,train
N522T,522,train
N522Y,522,train
N556D,556,train
N556H,556,train
N556I,556,train
N556K,556,train
N556S,556,train
N556T,556,validation
N556Y,556,train
N588D,588,train
N588H,588,test
N588I,588,train
N588K,588,train
N588S,588,train
N588T,588,train
N588Y,588,train
N609D,609,train
N609H,609,train
N609I,609,test
N609K,609,validation
N609S,609,train
N609T,609,train
N609Y,609,test
N612D,612,train
N612H,612,train
N612I,612,train
N612K,612,train
N612S,612,train
N612T,612,test
N612Y,612,train
N668D,668,validation
N668H,668,train
N668I,668,train
N668K,668,train
N668S,668,validation
N668T,668,train
N668Y,668,train
N690D,690,train
N690H,690,train
N690I,690,train
N690K,690,train
N690S,690,validation
N690T,690,train
N690Y,690,train
N692D,692,train
N692H,692,train
N692I,692,train
N692K,692,train
N692S,692,train
N692T,692,train
N692Y,692,test
N726D,726,test
N726H,726,train
N726I,726,validation
N726K,726,train
N726S,726,train
N726T,726,validation
N726Y,726,train
N758D,758,train
N758H,758,test
N758I,758,train
N758K,758,train
N758S,758,train
N758T,758,train
N758Y,758,train
N767D,767,validation
N767H,767,train
N767I,767,train
N767K,767,train
N767S,767,train
N767T,767,train
N767Y,767,train
N776D,776,train
N776H,776,train
N776I,776,train
N776K,776,test
N776S,776,train
N776T,776,train
N776Y,776,train
N77D,77,validation
N77H,77,train
N77I,77,train
N77K,77,train
N77S,77,train
N77T,77,train
N77Y,77,test
N803D,803,train
N803H,803,train
N803I,803,train
N803K,803,train
N803S,803,train
N803T,803,validation
N803Y,803,train
N808D,808,train
N808H,808,train
N808I,808,validation
N808K,808,train
N808S,808,train
N808T,808,train
N808Y,808,train
N818D,818,train
N818H,818,train
N818I,818,train
N818K,818,train
N818S,818,validation
N818T,818,train
N818Y,818,train
N831D,831,train
N831H,831,train
N831I,831,train
N831K,831,train
N831S,831,train
N831T,831,train
N831Y,831,train
N854D,854,train
N854H,854,test
N854I,854,test
N854K,854,train
N854S,854,train
N854T,854,train
N854Y,854,test
N863D,863,train
N863H,863,train
N863I,863,train
N863K,863,train
N863S,863,test
N863T,863,train
N863Y,863,train
N869D,869,train
N869H,869,validation
N869I,869,test
N869K,869,train
N869S,869,validation
N869T,869,validation
N869Y,869,train
N881D,881,train
N881H,881,test
N881I,881,test
N881K,881,train
N881S,881,train
N881T,881,train
N881Y,881,train
N888D,888,train
N888H,888,train
N888I,888,test
N888K,888,train
N888S,888,train
N888T,888,train
N888Y,888,train
N88D,88,train
N88H,88,train
N88I,88,train
N88K,88,train
N88S,88,train
N88T,88,train
N88Y,88,test
N899D,899,validation
N899H,899,train
N899I,899,train
N899K,899,validation
N899S,899,validation
N899T,899,train
N899Y,899,validation
N940D,940,train
N940H,940,test
N940I,940,train
N940K,940,train
N940S,940,train
N940T,940,train
N940Y,940,train
N946D,946,train
N946H,946,train
N946I,946,train
N946K,946,test
N946S,946,train
N946T,946,train
N946Y,946,validation
N979D,979,train
N979H,979,test
N979I,979,train
N979K,979,train
N979S,979,train
N979T,979,train
N979Y,979,validation
N980D,980,train
N980H,980,train
N980I,980,train
N980K,980,train
N980S,980,train
N980T,980,test
N980Y,980,train
N990D,990,train
N990H,990,train
N990I,990,validation
N990K,990,validation
N990S,990,train
N990T,990,train
N990Y,990,train
P1002A,1002,train
P1002H,1002,train
P1002L,1002,train
P1002R,1002,train
P1002S,1002,train
P1002T,1002,train
P1061A,1061,train
P1061L,1061,train
P1061Q,1061,validation
P1061R,1061,train
P1061S,1061,test
P1061T,1061,train
P1090A,1090,train
P1090H,1090,test
P1090L,1090,train
P1090R,1090,train
P1090S,1090,train
P1090T,1090,train
P1112A,1112,train
P1112H,1112,train
P1112L,1112,train
P1112R,1112,train
P1112S,1112,train
P1112T,1112,validation
P1128A,1128,train
P1128H,1128,train
P1128L,1128,train
P1128R,1128,train
P1128S,1128,train
P1128T,1128,validation
P1137A,1137,train
P1137L,1137,train
P1137Q,1137,validation
P1137R,1137,train
P1137S,1137,train
P1137T,1137,validation
P1178A,1178,test
P1178H,1178,train
P1178L,1178,train
P1178R,1178,train
P1178S,1178,train
P1178T,1178,validation
P117A,117,train
P117H,117,train
P117L,117,train
P117R,117,train
P117S,117,train
P117T,117,test
P1199A,1199,train
P1199L,1199,train
P1199Q,1199,train
P1199R,1199,train
P1199S,1199,train
P1199T,1199,train
P1229A,1229,train
P1229H,1229,train
P1229L,1229,train
P1229R,1229,test
P1229S,1229,train
P1229T,1229,train
P1249A,1249,train
P1249H,1249,train
P1249L,1249,train
P1249R,1249,test
P1249S,1249,train
P1249T,1249,train
P1301A,1301,train
P1301L,1301,train
P1301Q,1301,train
P1301R,1301,train
P1301S,1301,train
P1301T,1301,test
P1321A,1321,test
P1321L,1321,test
P1321Q,1321,validation
P1321R,1321,train
P1321S,1321,train
P1321T,1321,train
P133A,133,train
P133H,133,train
P133L,133,train
P133R,133,validation
P133S,133,train
P133T,133,train
P176A,176,train
P176L,176,validation
P176Q,176,train
P176R,176,test
P176S,176,train
P176T,176,train
P200A,200,train
P200H,200,train
P200L,200,test
P200R,200,train
P200S,200,train
P200T,200,train
P230A,230,test
P230L,230,train
P230Q,230,train
P230R,230,train
P230S,230,train
P230T,230,train
P250A,250,train
P250H,250,train
P250L,250,train
P250R,250,train
P250S,250,train
P250T,250,train
P28A,28,train
P28L,28,validation
P28Q,28,validation
P28R,28,train
P28S,28,train
P28T,28,train
P316A,316,test
P316H,316,train
P316L,316,test
P316R,316,train
P316S,316,train
P316T,316,test
P344A,344,train
P344H,344,train
P344L,344,train
P344R,344,train
P344S,344,train
P344T,344,train
P378A,378,test
P378H,378,validation
P378L,378,train
P378R,378,train
P378S,378,train
P378T,378,train
P411A,411,train
P411H,411,train
P411L,411,train
P411R,411,train
P411S,411,train
P411T,411,test
P431A,431,train
P431L,431,train
P431Q,431,train
P431R,431,train
P431S,431,train
P431T,431,train
P449A,449,train
P449H,449,train
P449L,449,train
P449R,449,test
P449S,449,train
P449T,449,train
P454A,454,train
P454H,454,train
P454L,454,test
P454R,454,train
P454S,454,train
P454T,454,train
P475A,475,train
P475H,475,validation
P475L,475,train
P475R,475,train
P475S,475,train
P475T,475,test
P503A,503,train
P503L,503,train
P503Q,503,train
P503R,503,validation
P503S,503,test
P503T,503,train
P509A,509,train
P509H,509,train
P509L,509,test
P509R,509,train
P509S,509,train
P509T,509,train
P537A,537,train
P537H,537,test
P537L,537,train
P537R,537,validation
P537S,537,train
P537T,537,train
P731A,731,train
P731H,731,test
P731L,731,train
P731R,731,train
P731S,731,test
P731T,731,train
P756A,756,validation
P756L,756,train
P756Q,756,train
P756R,756,test
P756S,756,train
P756T,756,train
P800A,800,test
P800H,800,train
P800L,800,train
P800R,800,train
P800S,800,train
P800T,800,test
P843A,843,train
P843L,843,train
P843Q,843,train
P843R,843,train
P843S,843,train
P843T,843,train
P871A,871,train
P871H,871,train
P871L,871,train
P871R,871,validation
P871S,871,test
P871T,871,train
Q1027E,1027,train
Q1027H,1027,train
Q1027K,1027,train
Q1027L,1027,train
Q1027P,1027,test
Q1027R,1027,train
Q1091E,1091,train
Q1091H,1091,validation
Q1091K,1091,test
Q1091L,1091,train
Q1091P,1091,train
Q1091R,1091,train
Q1101E,1101,train
Q1101H,1101,train
Q1101K,1101,train
Q1101L,1101,validation
Q1101P,1101,train
Q1101R,1101,train
Q1221E,1221,validation
Q1221H,1221,train
Q1221K,1221,train
Q1221L,1221,train
Q1221P,1221,train
Q1221R,1221,train
Q1254E,1254,train
Q1254H,1254,train
Q1254K,1254,train
Q1254L,1254,validation
Q1254P,1254,train
Q1254R,1254,validation
Q1256E,1256,train
Q1256H,1256,train
Q1256K,1256,train
Q1256L,1256,train
Q1256P,1256,test
Q1256R,1256,train
Q1261E,1261,train
Q1261H,1261,train
Q1261K,1261,train
Q1261L,1261,train
Q1261P,1261,train
Q1261R,1261,train
Q1272E,1272,train
Q1272H,1272,train
Q1272K,1272,train
Q1272L,1272,test
Q1272P,1272,test
Q1272R,1272,validation
Q1305E,1305,validation
Q1305H,1305,train
Q1305K,1305,train
Q1305L,1305,train
Q1305P,1305,train
Q1305R,1305,train
Q1350E,1350,train
Q1350H,1350,train
Q1350K,1350,train
Q1350L,1350,train
Q1350P,1350,train
Q1350R,1350,train
Q1364E,1364,train
Q1364H,1364,train
Q1364K,1364,test
Q1364L,1364,train
Q1364P,1364,train
Q1364R,1364,train
Q187E,187,train
Q187H,187,train
Q187K,187,train
Q187L,187,test
Q187P,187,train
Q187R,187,train
Q190E,190,test
Q190H,190,train
Q190K,190,train
Q190L,190,train
Q190P,190,test
Q190R,190,train
Q194E,194,train
Q194H,194,train
Q194K,194,validation
Q194L,194,test
Q194P,194,train
Q194R,194,train
Q228E,228,train
Q228H,228,test
Q228K,228,validation
Q228L,228,train
Q228P,228,train
Q228R,228,train
Q265E,265,validation
Q265H,265,train
Q265K,265,train
Q265L,265,test
Q265P,265,train
Q265R,265,train
Q281E,281,test
Q281H,281,test
Q281K,281,test
Q281L,281,train
Q281P,281,train
Q281R,281,train
Q285E,285,train
Q285H,285,validation
Q285K,285,train
Q285L,285,train
Q285P,285,train
Q285R,285,test
Q330E,330,train
Q330H,330,train
Q330K,330,train
Q330L,330,train
Q330P,330,train
Q330R,330,train
Q341E,341,test
Q341H,341,train
Q341K,341,validation
Q341L,341,train
Q341P,341,train
Q341R,341,train
Q342E,342,train
Q342H,342,train
Q342K,342,train
Q342L,342,test
Q342P,342,train
Q342R,342,train
Q354E,354,train
Q354H,354,train
Q354K,354,train
Q354L,354,validation
Q354P,354,train
Q354R,354,train
Q369E,369,test
Q369H,369,train
Q369K,369,train
Q369L,369,train
Q369P,369,train
Q369R,369,test
Q402E,402,train
Q402H,402,validation
Q402K,402,train
Q402L,402,train
Q402P,402,train
Q402R,402,test
Q413E,413,train
Q413H,413,train
Q413K,413,train
Q413L,413,train
Q413P,413,train
Q413R,413,validation
Q426E,426,train
Q426H,426,train
Q426K,426,train
Q426L,426,train
Q426P,426,train
Q426R,426,train
Q489E,489,train
Q489H,489,train
Q489K,489,train
Q489L,489,validation
Q489P,489,test
Q489R,489,train
Q544E,544,train
Q544H,544,train
Q544K,544,train
Q544L,544,train
Q544P,544,train
Q544R,544,test
Q563E,563,train
Q563H,563,train
Q563K,563,train
Q563L,563,train
Q563P,563,train
Q563R,563,train
Q650E,650,train
Q650H,650,validation
Q650K,650,train
Q650L,650,train
Q650P,650,validation
Q650R,650,train
Q674E,674,train
Q674H,674,train
Q674K,674,train
Q674L,674,train
Q674P,674,train
Q674R,674,train
Q695E,695,train
Q695H,695,train
Q695K,695,train
Q695L,695,train
Q695P,695,train
Q695R,695,train
Q709E,709,train
Q709H,709,train
Q709K,709,train
Q709L,709,train
Q709P,709,train
Q709R,709,train
Q712E,712,validation
Q712H,712,test
Q712K,712,train
Q712L,712,train
Q712P,712,train
Q712R,712,train
Q716E,716,train
Q716H,716,train
Q716K,716,train
Q716L,716,train
Q716P,716,train
Q716R,716,train
Q739E,739,train
Q739H,739,train
Q739K,739,train
Q739L,739,train
Q739P,739,train
Q739R,739,test
Q768E,768,train
Q768H,768,validation
Q768K,768,train
Q768L,768,train
Q768P,768,train
Q768R,768,train
Q771E,771,train
Q771H,771,train
Q771K,771,train
Q771L,771,train
Q771P,771,train
Q771R,771,validation
Q774E,774,train
Q774H,774,train
Q774K,774,train
Q774L,774,train
Q774P,774,train
Q774R,774,train
Q794E,794,train
Q794H,794,train
Q794K,794,train
Q794L,794,train
Q794P,794,train
Q794R,794,validation
Q805E,805,test
Q805H,805,train
Q805K,805,train
Q805L,805,train
Q805P,805,train
Q805R,805,validation
Q807E,807,train
Q807H,807,train
Q807K,807,train
Q807L,807,train
Q807P,807,train
Q807R,807,train
Q817E,817,train
Q817H,817,train
Q817K,817,test
Q817L,817,train
Q817P,817,test
Q817R,817,validation
Q826E,826,train
Q826H,826,validation
Q826K,826,train
Q826L,826,train
Q826P,826,train
Q826R,826,train
Q83E,83,train
Q83H,83,train
Q83K,83,test
Q83L,83,train
Q83P,83,train
Q83R,83,train
Q844E,844,train
Q844H,844,validation
Q844K,844,train
Q844L,844,train
Q844P,844,train
Q844R,844,train
Q885E,885,train
Q885H,885,validation
Q885K,885,train
Q885L,885,train
Q885P,885,train
Q885R,885,train
Q894E,894,train
Q894H,894,train
Q894K,894,train
Q894L,894,train
Q894P,894,test
Q894R,894,test
Q920E,920,train
Q920H,920,validation
Q920K,920,train
Q920L,920,train
Q920P,920,validation
Q920R,920,train
Q926E,926,validation
Q926H,926,train
Q926K,926,train
Q926L,926,validation
Q926P,926,train
Q926R,926,train
Q933E,933,validation
Q933H,933,train
Q933K,933,train
Q933L,933,validation
Q933P,933,validation
Q933R,933,train
Q971E,971,train
Q971H,971,train
Q971K,971,train
Q971L,971,train
Q971P,971,train
Q971R,971,train
R100G,100,train
R100I,100,test
R100K,100,train
R100S,100,test
R100T,100,train
R1019G,1019,validation
R1019K,1019,test
R1019M,1019,train
R1019S,1019,train
R1019T,1019,train
R1019W,1019,train
R1058G,1058,test
R1058L,1058,train
R1058P,1058,test
R1058Q,1058,train
R1060G,1060,train
R1060L,1060,train
R1060P,1060,train
R1060Q,1060,train
R1060W,1060,test
R1078G,1078,test
R1078I,1078,train
R1078K,1078,train
R1078S,1078,train
R1078T,1078,train
R1084G,1084,train
R1084K,1084,train
R1084M,1084,train
R1084S,1084,train
R1084T,1084,train
R1084W,1084,train
R1114C,1114,validation
R1114G,1114,validation
R1114H,1114,train
R1114L,1114,train
R1114P,1114,validation
R1114S,1114,train
R1122G,1122,test
R1122L,1122,validation
R1122P,1122,train
R1122Q,1122,train
R115G,115,validation
R115K,115,train
R115M,115,train
R115S,115,train
R115T,115,train
R115W,115,train
R1171G,1171,validation
R1171I,1171,train
R1171K,1171,train
R1171S,1171,train
R1171T,1171,test
R1210G,1210,train
R1210I,1210,train
R1210K,1210,train
R1210S,1210,train
R1210T,1210,test
R1212G,1212,validation
R1212K,1212,train
R1212M,1212,train
R1212S,1212,train
R1212T,1212,train
R1212W,1212,train
R1279G,1279,validation
R1279I,1279,train
R1279K,1279,train
R1279S,1279,train
R1279T,1279,validation
R1298G,1298,validation
R1298L,1298,train
R1298P,1298,train
R1298Q,1298,train
R1298W,1298,train
R1303G,1303,train
R1303I,1303,train
R1303K,1303,train
R1303S,1303,train
R1303T,1303,train
R1333C,1333,train
R1333G,1333,train
R1333H,1333,train
R1333L,1333,train
R1333P,1333,train
R1333S,1333,test
R1335G,1335,train
R1335L,1335,train
R1335P,1335,train
R1335Q,1335,train
R1359G,1359,train
R1359I,1359,train
R1359K,1359,train
R1359S,1359,train
R1359T,1359,train
R139G,139,train
R139L,139,test
R139P,139,test
R139Q,139,validation
R139W,139,train
R152G,152,train
R152I,152,train
R152K,152,test
R152S,152,validation
R152T,152,train
R165G,165,test
R165K,165,validation
R165M,165,train
R165S,165,train
R165T,165,train
R165W,165,train
R215C,215,train
R215G,215,validation
R215H,215,train
R215L,215,train
R215P,215,train
R215S,215,train
R220G,220,train
R220L,220,train
R220P,220,train
R220Q,220,train
R220W,220,test
R221G,221,train
R221I,221,train
R221K,221,train
R221S,221,train
R221T,221,train
R307G,307,train
R307I,307,train
R307K,307,test
R307S,307,train
R307T,307,train
R324G,324,train
R324L,324,train
R324P,324,train
R324Q,324,train
R324W,324,validation
R340G,340,train
R340L,340,train
R340P,340,train
R340Q,340,train
R340W,340,train
R395G,395,train
R395K,395,train
R395M,395,train
R395S,395,train
R395T,395,test
R395W,395,validation
R400G,400,train
R400K,400,train
R400M,400,validation
R400S,400,train
R400T,400,train
R400W,400,test
R403C,403,train
R403G,403,validation
R403H,403,validation
R403L,403,train
R403P,403,train
R403S,403,train
R40C,40,train
R40G,40,train
R40H,40,train
R40L,40,train
R40P,40,train
R40S,40,test
R424G,424,train
R424K,424,validation
R424M,424,train
R424S,424,train
R424T,424,test
R424W,424,train
R425C,425,train
R425G,425,validation
R425H,425,train
R425L,425,train
R425P,425,train
R425S,425,train
R437G,437,validation
R437K,437,train
R437M,437,train
R437S,437,train
R437T,437,train
R437W,437,train
R447C,447,validation
R447G,447,train
R447H,447,validation
R447L,447,test
R447P,447,train
R447S,447,train
R457G,457,test
R457I,457,train
R457K,457,train
R457S,457,validation
R457T,457,train
R461G,461,test
R461K,461,train
R461M,461,train
R461S,461,train
R461T,461,train
R461W,461,train
R467G,467,test
R467I,467,train
R467K,467,validation
R467S,467,train
R467T,467,train
R494G,494,train
R494K,494,train
R494M,494,train
R494S,494,test
R494T,494,train
R494W,494,train
R535C,535,train
R535G,535,train
R535H,535,train
R535L,535,train
R535P,535,test
R535S,535,train
R557G,557,train
R557L,557,train
R557P,557,train
R557Q,557,train
R557W,557,train
R586G,586,train
R586L,586,train
R586P,586,train
R586Q,586,train
R586W,586,train
R629G,629,train
R629K,629,train
R629M,629,train
R629S,629,train
R629T,629,train
R629W,629,train
R635C,635,test
R635G,635,train
R635H,635,train
R635L,635,validation
R635P,635,train
R635S,635,train
R63G,63,validation
R63L,63,train
R63P,63,validation
R63Q,63,train
R63W,63,train
R653G,653,train
R653L,653,train
R653P,653,train
R653Q,653,train
R654G,654,train
R654L,654,train
R654P,654,train
R654Q,654,train
R654W,654,train
R655G,655,test
R655I,655,validation
R655K,655,train
R655S,655,train
R655T,655,train
R661G,661,train
R661L,661,test
R661P,661,train
R661Q,661,test
R664G,664,train
R664L,664,train
R664P,664,train
R664Q,664,train
R664W,664,train
R66G,66,train
R66I,66,train
R66K,66,train
R66S,66,train
R66T,66,train
R671G,671,train
R671I,671,train
R671K,671,train
R671S,671,train
R671T,671,test
R691G,691,train
R691K,691,train
R691M,691,test
R691S,691,train
R691T,691,train
R691W,691,train
R69G,69,train
R69L,69,validation
R69P,69,train
R69Q,69,train
R69W,69,train
R70G,70,train
R70I,70,train
R70K,70,test
R70S,70,test
R70T,70,train
R71G,71,validation
R71K,71,train
R71M,71,train
R71S,71,train
R71T,71,train
R71W,71,train
R74C,74,test
R74G,74,validation
R74H,74,train
R74L,74,test
R74P,74,train
R74S,74,train
R753C,753,train
R753G,753,train
R753H,753,train
R753L,753,test
R753P,753,train
R753S,753,train
R75G,75,train
R75L,75,train
R75P,75,train
R75Q,75,train
R765G,765,train
R765L,765,test
R765P,765,test
R765Q,765,train
R778G,778,train
R778K,778,train
R778M,778,train
R778S,778,train
R778T,778,train
R778W,778,train
R780C,780,train
R780G,780,train
R780H,780,test
R780L,780,test
R780P,780,train
R780S,780,train
R783C,783,train
R783G,783,train
R783H,783,train
R783L,783,train
R783P,783,validation
R783S,783,train
R78G,78,train
R78L,78,train
R78P,78,train
R78Q,78,validation
R78W,78,train
R820G,820,train
R820K,820,train
R820M,820,train
R820S,820,train
R820T,820,train
R820W,820,train
R832C,832,train
R832G,832,test
R832H,832,train
R832L,832,train
R832P,832,train
R832S,832,train
R859C,859,train
R859G,859,test
R859H,859,train
R859L,859,validation
R859P,859,train
R859S,859,train
R864G,864,train
R864L,864,train
R864P,864,train
R864Q,864,train
R884G,884,train
R884L,884,train
R884P,884,train
R884Q,884,train
R884W,884,validation
R895G,895,train
R895L,895,train
R895P,895,train
R895Q,895,test
R905G,905,train
R905L,905,train
R905P,905,train
R905Q,905,train
R905W,905,train
R919G,919,train
R919L,919,validation
R919P,919,train
R919Q,919,train
R925G,925,validation
R925L,925,train
R925P,925,train
R925Q,925,train
R925W,925,train
R938C,938,train
R938G,938,train
R938H,938,validation
R938L,938,train
R938P,938,test
R938S,938,train
R951G,951,train
R951L,951,validation
R951P,951,train
R951Q,951,train
R951W,951,test
R967G,967,train
R967L,967,test
R967P,967,train
R967Q,967,train
R967W,967,train
R976G,976,test
R976I,976,train
R976K,976,validation
R976S,976,validation
R976T,976,train
S1006C,1006,train
S1006G,1006,test
S1006I,1006,train
S1006N,1006,validation
S1006R,1006,train
S1006T,1006,train
S1025A,1025,train
S1025C,1025,train
S1025F,1025,validation
S1025P,1025,train
S1025T,1025,train
S1025Y,1025,train
S1040C,1040,train
S1040G,1040,validation
S1040I,1040,train
S1040N,1040,validation
S1040R,1040,train
S1040T,1040,train
S104A,104,train
S104C,104,train
S104F,104,test
S104P,104,train
S104T,104,train
S104Y,104,train
S1088C,1088,train
S1088G,1088,train
S1088I,1088,train
S1088N,1088,train
S1088R,1088,train
S1088T,1088,train
S1106C,1106,train
S1106G,1106,train
S1106I,1106,train
S1106N,1106,train
S1106R,1106,train
S1106T,1106,train
S1109A,1109,train
S1109L,1109,train
S1109P,1109,train
S1109T,1109,train
S1116A,1116,train
S1116C,1116,train
S1116F,1116,train
S1116P,1116,train
S1116T,1116,train
S1116Y,1116,train
S1136A,1136,train
S1136C,1136,train
S1136F,1136,train
S1136P,1136,train
S1136T,1136,validation
S1136Y,1136,train
S1142A,1142,validation
S1142C,1142,test
S1142F,1142,validation
S1142P,1142,train
S1142T,1142,test
S1142Y,1142,train
S1154C,1154,train
S1154G,1154,train
S1154I,1154,train
S1154N,1154,train
S1154R,1154,test
S1154T,1154,train
S1159A,1159,validation
S1159C,1159,validation
S1159F,1159,train
S1159P,1159,test
S1159T,1159,train
S1159Y,1159,train
S1172C,1172,train
S1172G,1172,train
S1172I,1172,train
S1172N,1172,validation
S1172R,1172,train
S1172T,1172,train
S1173A,1173,train
S1173C,1173,train
S1173F,1173,test
S1173P,1173,train
S1173T,1173,test
S1173Y,1173,train
S1202A,1202,train
S1202L,1202,test
S1202P,1202,train
S1202T,1202,train
S1216C,1216,test
S1216G,1216,train
S1216I,1216,train
S1216N,1216,train
S1216R,1216,train
S1216T,1216,train
S1230A,1230,test
S1230C,1230,test
S1230F,1230,train
S1230P,1230,train
S1230T,1230,train
S1230Y,1230,train
S1240A,1240,train
S1240C,1240,train
S1240F,1240,train
S1240P,1240,train
S1240T,1240,test
S1240Y,1240,train
S1248C,1248,train
S1248G,1248,train
S1248I,1248,validation
S1248N,1248,train
S1248R,1248,train
S1248T,1248,train
S1274C,1274,validation
S1274G,1274,train
S1274I,1274,train
S1274N,1274,train
S1274R,1274,train
S1274T,1274,train
S1277A,1277,train
S1277C,1277,train
S1277F,1277,train
S1277P,1277,train
S1277T,1277,validation
S1277Y,1277,train
S1292A,1292,validation
S1292C,1292,train
S1292F,1292,train
S1292P,1292,train
S1292T,1292,validation
S1292Y,1292,test
S1338A,1338,train
S1338C,1338,train
S1338F,1338,train
S1338P,1338,test
S1338T,1338,train
S1338Y,1338,train
S1351C,1351,train
S1351G,1351,train
S1351I,1351,test
S1351N,1351,test
S1351R,1351,train
S1351T,1351,train
S1363C,1363,train
S1363G,1363,train
S1363I,1363,train
S1363N,1363,train
S1363R,1363,train
S1363T,1363,train
S145A,145,train
S145C,145,train
S145F,145,test
S145P,145,train
S145T,145,train
S145Y,145,train
S15A,15,train
S15L,15,train
S15P,15,validation
S15T,15,train
S179C,179,train
S179G,179,train
S179I,179,train
S179N,179,train
S179R,179,train
S179T,179,train
S204A,204,validation
S204L,204,train
S204P,204,train
S204T,204,train
S213C,213,train
S213G,213,train
S213I,213,train
S213N,213,train
S213R,213,train
S213T,213,train
S217A,217,validation
S217C,217,train
S217F,217,train
S217P,217,validation
S217T,217,train
S217Y,217,train
S219C,219,train
S219G,219,train
S219I,219,validation
S219N,219,train
S219R,219,train
S219T,219,train
S245A,245,train
S245C,245,train
S245F,245,train
S245P,245,train
S245T,245,train
S245Y,245,validation
S254A,254,train
S254C,254,validation
S254F,254,train
S254P,254,validation
S254T,254,train
S254Y,254,train
S267A,267,train
S267C,267,train
S267F,267,train
S267P,267,train
S267T,267,train
S267Y,267,validation
S297A,297,validation
S297C,297,train
S297F,297,test
S297P,297,train
S297T,297,train
S297Y,297,train
S29C,29,train
S29G,29,train
S29I,29,test
S29N,29,train
S29R,29,train
S29T,29,train
S303C,303,train
S303G,303,validation
S303I,303,train
S303N,303,train
S303R,303,train
S303T,303,train
S318C,318,validation
S318G,318,train
S318I,318,train
S318N,318,train
S318R,318,train
S318T,318,train
S320C,320,train
S320G,320,train
S320I,320,train
S320N,320,train
S320R,320,train
S320T,320,train
S355C,355,train
S355G,355,validation
S355I,355,train
S355N,355,train
S355R,355,train
S355T,355,train
S368A,368,train
S368C,368,validation
S368F,368,test
S368P,368,train
S368T,368,train
S368Y,368,train
S409C,409,train
S409G,409,train
S409I,409,train
S409N,409,test
S409R,409,train
S409T,409,train
S42C,42,validation
S42G,42,validation
S42I,42,test
S42N,42,train
S42R,42,train
S42T,42,train
S460C,460,train
S460G,460,test
S460I,460,train
S460N,460,test
S460R,460,train
S460T,460,train
S469A,469,train
S469L,469,train
S469P,469,train
S469T,469,test
S487A,487,train
S487C,487,train
S487F,487,train
S487P,487,train
S487T,487,train
S487Y,487,validation
S490A,490,validation
S490C,490,validation
S490F,490,train
S490P,490,train
S490T,490,train
S490Y,490,validation
S512A,512,train
S512C,512,train
S512F,512,train
S512P,512,validation
S512T,512,train
S512Y,512,train
S541C,541,train
S541G,541,train
S541I,541,train
S541N,541,test
S541R,541,train
S541T,541,train
S55A,55,train
S55L,55,train
S55P,55,train
S55T,55,train
S577A,577,train
S577C,577,train
S577F,577,train
S577P,577,train
S577T,577,train
S577Y,577,train
S581C,581,train
S581G,581,train
S581I,581,train
S581N,581,train
S581R,581,train
S581T,581,test
S590C,590,train
S590G,590,validation
S590I,590,validation
S590N,590,train
S590R,590,train
S590T,590,train
S663A,663,train
S663C,663,train
S663F,663,train
S663P,663,train
S663T,663,train
S663Y,663,train
S675C,675,test
S675G,675,train
S675I,675,train
S675N,675,train
S675R,675,train
S675T,675,train
S685A,685,validation
S685C,685,train
S685F,685,train
S685P,685,validation
S685T,685,train
S685Y,685,validation
S6A,6,test
S6L,6,train
S6P,6,test
S6T,6,train
S701C,701,validation
S701G,701,train
S701I,701,test
S701N,701,train
S701R,701,train
S701T,701,train
S714A,714,train
S714C,714,train
S714F,714,train
S714P,714,validation
S714T,714,test
S714Y,714,train
S719A,719,test
S719C,719,train
S719F,719,train
S719P,719,train
S719T,719,train
S719Y,719,train
S730A,730,train
S730C,730,validation
S730F,730,train
S730P,730,validation
S730T,730,validation
S730Y,730,test
S777A,777,train
S777L,777,validation
S777P,777,train
S777T,777,train
S793C,793,test
S793G,793,train
S793I,793,train
S793N,793,train
S793R,793,train
S793T,793,train
S834A,834,train
S834C,834,train
S834F,834,train
S834P,834,train
S834T,834,test
S834Y,834,train
S845A,845,test
S845L,845,train
S845P,845,train
S845T,845,validation
S851C,851,train
S851G,851,validation
S851I,851,train
S851N,851,train
S851R,851,train
S851T,851,train
S860A,860,train
S860C,860,train
S860F,860,train
S860P,860,train
S860T,860,train
S860Y,860,train
S867C,867,train
S867G,867,train
S867I,867,train
S867N,867,train
S867R,867,train
S867T,867,train
S872A,872,train
S872L,872,train
S872P,872,train
S872T,872,train
S87C,87,train
S87G,87,train
S87I,87,train
S87N,87,train
S87R,87,train
S87T,87,validation
S909C,909,test
S909G,909,test
S909I,909,validation
S909N,909,train
S909R,909,train
S909T,909,validation
S937C,937,train
S937G,937,train
S937I,937,train
S937N,937,validation
S937R,937,train
S937T,937,train
S960A,960,train
S960L,960,train
S960P,960,train
S960T,960,train
S964C,964,train
S964G,964,test
S964I,964,validation
S964N,964,validation
S964R,964,test
S964T,964,train
S96C,96,train
S96G,96,train
S96I,96,train
S96N,96,train
S96R,96,train
S96T,96,train
T1033A,1033,train
T1033I,1033,train
T1033N,1033,train
T1033P,1033,validation
T1033S,1033,train
T1048A,1048,train
T1048I,1048,train
T1048N,1048,train
T1048P,1048,train
T1048S,1048,train
T1051A,1051,validation
T1051I,1051,train
T1051N,1051,validation
T1051P,1051,test
T1051S,1051,train
T1065A,1065,train
T1065I,1065,train
T1065N,1065,train
T1065P,1065,train
T1065S,1065,validation
T1069A,1069,train
T1069I,1069,train
T1069N,1069,train
T1069P,1069,train
T1069S,1069,test
T1082A,1082,train
T1082I,1082,train
T1082N,1082,train
T1082P,1082,validation
T1082S,1082,train
T1098A,1098,train
T1098I,1098,train
T1098K,1098,train
T1098P,1098,train
T1098R,1098,train
T1098S,1098,train
T1102A,1102,train
T1102I,1102,train
T1102N,1102,train
T1102P,1102,test
T1102S,1102,train
T1138A,1138,train
T1138I,1138,train
T1138K,1138,train
T1138P,1138,train
T1138R,1138,validation
T1138S,1138,train
T1167A,1167,train
T1167I,1167,validation
T1167N,1167,train
T1167P,1167,train
T1167S,1167,train
T1314A,1314,test
T1314I,1314,train
T1314N,1314,train
T1314P,1314,train
T1314S,1314,train
T1316A,1316,train
T1316I,1316,validation
T1316N,1316,train
T1316P,1316,train
T1316S,1316,test
T1329A,1329,train
T1329I,1329,train
T1329N,1329,test
T1329P,1329,train
T1329S,1329,train
T1330A,1330,test
T1330I,1330,train
T1330N,1330,train
T1330P,1330,train
T1330S,1330,test
T1337A,1337,train
T1337I,1337,train
T1337K,1337,validation
T1337P,1337,train
T1337R,1337,validation
T1337S,1337,test
T1339A,1339,train
T1339I,1339,train
T1339N,1339,test
T1339P,1339,train
T1339S,1339,train
T1346A,1346,validation
T1346I,1346,train
T1346N,1346,train
T1346P,1346,train
T1346S,1346,train
T134A,134,train
T134I,134,train
T134N,134,train
T134P,134,train
T134S,134,train
T1353A,1353,train
T1353I,1353,train
T1353N,1353,train
T1353P,1353,train
T1353S,1353,train
T1358A,1358,train
T1358I,1358,train
T1358N,1358,train
T1358P,1358,train
T1358S,1358,train
T13A,13,train
T13I,13,train
T13N,13,validation
T13P,13,train
T13S,13,train
T146A,146,train
T146I,146,train
T146N,146,train
T146P,146,validation
T146S,146,validation
T191A,191,train
T191I,191,train
T191K,191,train
T191P,191,train
T191R,191,train
T191S,191,train
T22A,22,train
T22I,22,train
T22K,22,train
T22P,22,train
T22R,22,test
T22S,22,train
T249A,249,test
T249I,249,train
T249K,249,train
T249P,249,train
T249R,249,train
T249S,249,train
T270A,270,train
T270I,270,train
T270N,270,train
T270P,270,train
T270S,270,train
T310A,310,train
T310I,310,train
T310N,310,train
T310P,310,train
T310S,310,validation
T313A,313,validation
T313I,313,train
T313K,313,train
T313P,313,train
T313R,313,test
T313S,313,train
T333A,333,train
T333I,333,validation
T333N,333,train
T333P,333,train
T333S,333,train
T386A,386,train
T386I,386,train
T386N,386,train
T386P,386,train
T386S,386,train
T38A,38,train
T38I,38,train
T38N,38,train
T38P,38,train
T38S,38,train
T404A,404,validation
T404I,404,train
T404K,404,train
T404P,404,train
T404R,404,train
T404S,404,train
T445A,445,train
T445I,445,train
T445N,445,train
T445P,445,validation
T445S,445,train
T466A,466,train
T466I,466,train
T466K,466,train
T466P,466,train
T466R,466,train
T466S,466,train
T472A,472,train
T472I,472,train
T472K,472,validation
T472P,472,train
T472R,472,validation
T472S,472,train
T474A,474,train
T474I,474,train
T474N,474,validation
T474P,474,validation
T474S,474,validation
T496A,496,train
T496I,496,train
T496K,496,train
T496P,496,validation
T496R,496,train
T496S,496,train
T519A,519,test
T519I,519,train
T519N,519,train
T519P,519,train
T519S,519,train
T525A,525,train
T525I,525,train
T525K,525,train
T525P,525,train
T525R,525,test
T525S,525,train
T531A,531,validation
T531I,531,train
T531N,531,train
T531P,531,train
T531S,531,train
T555A,555,validation
T555I,555,train
T555N,555,train
T555P,555,train
T555S,555,train
T560A,560,test
T560I,560,train
T560K,560,test
T560P,560,train
T560R,560,train
T560S,560,train
T58A,58,test
T58I,58,train
T58K,58,train
T58P,58,test
T58R,58,train
T58S,58,train
T593A,593,train
T593I,593,train
T593N,593,test
T593P,593,train
T593S,593,train
T622A,622,train
T622I,622,train
T622N,622,train
T622P,622,train
T622S,622,train
T624A,624,train
T624I,624,test
T624K,624,train
T624P,624,train
T624R,624,train
T624S,624,train
T62A,62,train
T62I,62,validation
T62N,62,train
T62P,62,train
T62S,62,train
T638A,638,test
T638I,638,train
T638N,638,train
T638P,638,train
T638S,638,train
T657A,657,test
T657I,657,train
T657N,657,train
T657P,657,train
T657S,657,train
T678A,678,train
T678I,678,train
T678N,678,train
T678P,678,test
T678S,678,train
T67A,67,train
T67I,67,train
T67K,67,train
T67P,67,train
T67R,67,validation
T67S,67,test
T703A,703,train
T703I,703,train
T703N,703,train
T703P,703,train
T703S,703,train
T73A,73,test
T73I,73,train
T73N,73,test
T73P,73,train
T73S,73,train
T740A,740,validation
T740I,740,train
T740N,740,train
T740P,740,test
T740S,740,train
T769A,769,train
T769I,769,test
T769N,769,train
T769P,769,train
T769S,769,train
T770A,770,train
T770I,770,train
T770K,770,train
T770P,770,train
T770R,770,train
T770S,770,train
T804A,804,train
T804I,804,test
T804N,804,train
T804P,804,validation
T804S,804,train
T858A,858,validation
T858I,858,train
T858N,858,validation
T858P,858,train
T858S,858,train
T893A,893,train
T893I,893,test
T893N,893,train
T893P,893,train
T893S,893,train
T901A,901,test
T901I,901,train
T901K,901,train
T901P,901,train
T901R,901,train
T901S,901,train
T924A,924,train
T924I,924,test
T924N,924,train
T924P,924,train
T924S,924,validation
T928A,928,test
T928I,928,train
T928K,928,train
T928P,928,train
T928R,928,train
T928S,928,train
T941A,941,validation
T941I,941,train
T941K,941,train
T941P,941,train
T941R,941,test
T941S,941,train
T957A,957,train
T957I,957,train
T957N,957,validation
T957P,957,train
T957S,957,test
T995A,995,train
T995I,995,test
T995N,995,train
T995P,995,train
T995S,995,train
V1009A,1009,test
V1009E,1009,train
V1009G,1009,train
V1009L,1009,validation
V1009M,1009,train
V1015A,1015,train
V1015E,1015,train
V1015G,1015,train
V1015L,1015,train
V1015M,1015,train
V1018A,1018,validation
V1018D,1018,train
V1018F,1018,train
V1018G,1018,train
V1018I,1018,train
V1018L,1018,train
V1073A,1073,train
V1073E,1073,train
V1073G,1073,train
V1073L,1073,train
V1073M,1073,validation
V107A,107,train
V107D,107,train
V107F,107,train
V107G,107,train
V107I,107,train
V107L,107,train
V1083A,1083,train
V1083E,1083,validation
V1083G,1083,train
V1083L,1083,train
V1083M,1083,train
V1086A,1086,train
V1086D,1086,train
V1086F,1086,train
V1086G,1086,train
V1086I,1086,validation
V1086L,1086,train
V1092A,1092,train
V1092E,1092,train
V1092G,1092,train
V1092L,1092,train
V1092M,1092,validation
V1095A,1095,validation
V1095D,1095,train
V1095F,1095,validation
V1095G,1095,test
V1095I,1095,train
V1095L,1095,train
V1100A,1100,train
V1100E,1100,train
V1100G,1100,train
V1100L,1100,validation
V1100M,1100,train
V1139A,1139,train
V1139E,1139,train
V1139G,1139,train
V1139L,1139,test
V1139M,1139,train
V1143A,1143,validation
V1143D,1143,validation
V1143F,1143,train
V1143G,1143,train
V1143I,1143,train
V1143L,1143,validation
V1145A,1145,train
V1145E,1145,validation
V1145G,1145,train
V1145L,1145,train
V1145M,1145,train
V1146A,1146,train
V1146D,1146,train
V1146F,1146,train
V1146G,1146,train
V1146I,1146,validation
V1146L,1146,train
V1149A,1149,train
V1149E,1149,train
V1149G,1149,train
V1149L,1149,validation
V1149M,1149,train
V1160A,1160,train
V1160D,1160,train
V1160F,1160,train
V1160G,1160,train
V1160I,1160,train
V1160L,1160,test
V1190A,1190,train
V1190E,1190,train
V1190G,1190,train
V1190L,1190,train
V1190M,1190,train
V1233A,1233,validation
V1233E,1233,train
V1233G,1233,train
V1233L,1233,train
V1233M,1233,train
V123A,123,train
V123E,123,train
V123G,123,train
V123L,123,test
V123M,123,train
V1259A,1259,train
V1259E,1259,train
V1259G,1259,train
V1259L,1259,validation
V1259M,1259,train
V126A,126,train
V126D,126,train
V126F,126,train
V126G,126,train
V126I,126,train
V126L,126,train
V1280A,1280,train
V1280E,1280,train
V1280G,1280,train
V1280L,1280,train
V1280M,1280,train
V1290A,1290,train
V1290D,1290,train
V1290F,1290,train
V1290G,1290,train
V1290I,1290,train
V1290L,1290,train
V1342A,1342,train
V1342E,1342,train
V1342G,1342,train
V1342L,1342,train
V1342M,1342,train
V143A,143,train
V143E,143,train
V143G,143,train
V143L,143,train
V143M,143,train
V16A,16,train
V16E,16,train
V16G,16,train
V16L,16,train
V16M,16,train
V181A,181,train
V181E,181,train
V181G,181,train
V181L,181,train
V181M,181,train
V189A,189,train
V189D,189,train
V189F,189,train
V189G,189,train
V189I,189,test
V189L,189,train
V206A,206,train
V206E,206,train
V206G,206,train
V206L,206,train
V206M,206,test
V20A,20,validation
V20D,20,train
V20F,20,train
V20G,20,train
V20I,20,train
V20L,20,train
V27A,27,train
V27D,27,test
V27F,27,validation
V27G,27,train
V27I,27,train
V27L,27,train
V308A,308,train
V308E,308,validation
V308G,308,train
V308L,308,train
V308M,308,validation
V339A,339,train
V339E,339,train
V339G,339,train
V339L,339,train
V339M,339,train
V34A,34,train
V34E,34,train
V34G,34,train
V34L,34,train
V34M,34,train
V391A,391,validation
V391E,391,train
V391G,391,train
V391L,391,train
V391M,391,train
V452A,452,train
V452E,452,train
V452G,452,train
V452L,452,test
V452M,452,train
V481A,481,validation
V481E,481,train
V481G,481,validation
V481L,481,train
V481M,481,train
V482A,482,test
V482D,482,train
V482F,482,test
V482G,482,validation
V482I,482,train
V482L,482,test
V507A,507,train
V507E,507,train
V507G,507,train
V507L,507,validation
V507M,507,train
V520A,520,validation
V520D,520,train
V520F,520,train
V520G,520,train
V520I,520,train
V520L,520,train
V527A,527,train
V527E,527,train
V527G,527,validation
V527L,527,train
V527M,527,train
V530A,530,train
V530D,530,train
V530F,530,train
V530G,530,test
V530I,530,test
V530L,530,test
V549A,549,validation
V549E,549,train
V549G,549,train
V549L,549,test
V549M,549,train
V559A,559,train
V559E,559,train
V559G,559,train
V559L,559,train
V559M,559,train
V561A,561,train
V561D,561,train
V561F,561,train
V561G,561,train
V561I,561,train
V561L,561,train
V578A,578,validation
V578E,578,validation
V578G,578,train
V578L,578,train
V578M,578,validation
V583A,583,train
V583D,583,train
V583F,583,train
V583G,583,train
V583I,583,test
V583L,583,test
V620A,620,train
V620E,620,train
V620G,620,train
V620L,620,train
V620M,620,validation
V647A,647,train
V647E,647,train
V647G,647,test
V647L,647,train
V647M,647,train
V713A,713,train
V713E,713,test
V713G,713,train
V713L,713,train
V713M,713,train
V741A,741,train
V741E,741,train
V741G,741,validation
V741L,741,train
V741M,741,train
V743A,743,train
V743E,743,train
V743G,743,validation
V743L,743,train
V743M,743,validation
V744A,744,train
V744D,744,validation
V744F,744,train
V744G,744,train
V744I,744,train
V744L,744,train
V748A,748,train
V748E,748,test
V748G,748,validation
V748L,748,test
V748M,748,train
V750A,750,test
V750D,750,train
V750F,750,train
V750G,750,train
V750I,750,train
V750L,750,test
V760A,760,train
V760E,760,train
V760G,760,test
V760L,760,train
V760M,760,train
V801A,801,test
V801E,801,train
V801G,801,train
V801L,801,train
V801M,801,train
V824A,824,train
V824E,824,train
V824G,824,train
V824L,824,train
V824M,824,train
V838A,838,train
V838E,838,validation
V838G,838,train
V838L,838,train
V838M,838,train
V842A,842,test
V842D,842,train
V842F,842,test
V842G,842,train
V842I,842,train
V842L,842,validation
V856A,856,train
V856E,856,train
V856G,856,train
V856L,856,train
V856M,856,train
V870A,870,train
V870D,870,train
V870F,870,train
V870G,870,test
V870I,870,train
V870L,870,train
V875A,875,train
V875E,875,train
V875G,875,train
V875L,875,validation
V875M,875,validation
V876A,876,test
V876D,876,train
V876F,876,test
V876G,876,train
V876I,876,test
V876L,876,train
V922A,922,train
V922E,922,train
V922G,922,train
V922L,922,train
V922M,922,train
V931A,931,train
V931D,931,train
V931F,931,train
V931G,931,train
V931I,931,validation
V931L,931,train
V93A,93,train
V93E,93,train
V93G,93,train
V93L,93,train
V93M,93,test
V953A,953,train
V953E,953,train
V953G,953,train
V953L,953,train
V953M,953,train
V955A,955,train
V955D,955,train
V955F,955,train
V955G,955,validation
V955I,955,validation
V955L,955,train
V963A,963,test
V963E,963,validation
V963G,963,train
V963L,963,test
V963M,963,validation
V975A,975,train
V975D,975,train
V975F,975,train
V975G,975,train
V975I,975,train
V975L,975,train
V992A,992,train
V992E,992,train
V992G,992,train
V992L,992,validation
V992M,992,train
V993A,993,train
V993D,993,train
V993F,993,validation
V993G,993,train
V993I,993,train
V993L,993,train
W1074C,1074,train
W1074G,1074,test
W1074L,1074,train
W1074R,1074,train
W1074S,1074,train
W1126C,1126,train
W1126G,1126,train
W1126L,1126,train
W1126R,1126,train
W1126S,1126,train
W18C,18,train
W18G,18,test
W18L,18,test
W18R,18,train
W18S,18,train
W464C,464,train
W464G,464,validation
W464L,464,train
W464R,464,test
W464S,464,train
W476C,476,train
W476G,476,train
W476L,476,train
W476R,476,train
W476S,476,train
W659C,659,train
W659G,659,train
W659L,659,train
W659R,659,train
W659S,659,train
W883C,883,train
W883G,883,train
W883L,883,validation
W883R,883,train
W883S,883,validation
Y1001C,1001,train
Y1001D,1001,train
Y1001F,1001,validation
Y1001H,1001,test
Y1001N,1001,train
Y1001S,1001,train
Y1010C,1010,train
Y1010D,1010,test
Y1010F,1010,test
Y1010H,1010,train
Y1010N,1010,test
Y1010S,1010,train
Y1013C,1013,test
Y1013D,1013,train
Y1013F,1013,train
Y1013H,1013,train
Y1013N,1013,test
Y1013S,1013,train
Y1016C,1016,train
Y1016D,1016,validation
Y1016F,1016,train
Y1016H,1016,train
Y1016N,1016,train
Y1016S,1016,test
Y1036C,1036,train
Y1036D,1036,train
Y1036F,1036,train
Y1036H,1036,test
Y1036N,1036,train
Y1036S,1036,train
Y1039C,1039,train
Y1039D,1039,train
Y1039F,1039,train
Y1039H,1039,train
Y1039N,1039,train
Y1039S,1039,train
Y1131C,1131,train
Y1131D,1131,test
Y1131F,1131,train
Y1131H,1131,train
Y1131N,1131,train
Y1131S,1131,test
Y1141C,1141,train
Y1141D,1141,train
Y1141F,1141,train
Y1141H,1141,train
Y1141N,1141,train
Y1141S,1141,train
Y1187C,1187,train
Y1187D,1187,validation
Y1187F,1187,train
Y1187H,1187,test
Y1187N,1187,train
Y1187S,1187,train
Y1201C,1201,train
Y1201D,1201,train
Y1201F,1201,validation
Y1201H,1201,train
Y1201N,1201,train
Y1201S,1201,train
Y1232C,1232,train
Y1232D,1232,train
Y1232F,1232,train
Y1232H,1232,validation
Y1232N,1232,train
Y1232S,1232,train
Y1237C,1237,train
Y1237D,1237,validation
Y1237F,1237,train
Y1237H,1237,validation
Y1237N,1237,train
Y1237S,1237,train
Y1242C,1242,test
Y1242D,1242,train
Y1242F,1242,validation
Y1242H,1242,test
Y1242N,1242,train
Y1242S,1242,test
Y1265C,1265,train
Y1265D,1265,train
Y1265F,1265,train
Y1265H,1265,validation
Y1265N,1265,train
Y1265S,1265,train
Y128C,128,train
Y128D,128,train
Y128F,128,train
Y128H,128,validation
Y128N,128,train
Y128S,128,train
Y1294C,1294,train
Y1294D,1294,train
Y1294F,1294,train
Y1294H,1294,train
Y1294N,1294,train
Y1294S,1294,train
Y1326C,1326,train
Y1326D,1326,train
Y1326F,1326,train
Y1326H,1326,train
Y1326N,1326,train
Y1326S,1326,train
Y132C,132,train
Y132D,132,train
Y132F,132,train
Y132H,132,test
Y132N,132,train
Y132S,132,test
Y1336C,1336,test
Y1336D,1336,train
Y1336F,1336,train
Y1336H,1336,train
Y1336N,1336,train
Y1336S,1336,validation
Y1356C,1356,validation
Y1356D,1356,train
Y1356F,1356,train
Y1356H,1356,train
Y1356N,1356,train
Y1356S,1356,train
Y136C,136,test
Y136D,136,train
Y136F,136,validation
Y136H,136,train
Y136N,136,train
Y136S,136,train
Y155C,155,train
Y155D,155,test
Y155F,155,train
Y155H,155,train
Y155N,155,train
Y155S,155,train
Y192C,192,train
Y192D,192,train
Y192F,192,train
Y192H,192,validation
Y192N,192,train
Y192S,192,train
Y25C,25,train
Y25D,25,train
Y25F,25,train
Y25H,25,validation
Y25N,25,train
Y25S,25,train
Y271C,271,train
Y271D,271,validation
Y271F,271,train
Y271H,271,train
Y271N,271,train
Y271S,271,test
Y286C,286,train
Y286D,286,train
Y286F,286,test
Y286H,286,train
Y286N,286,train
Y286S,286,train
Y325C,325,train
Y325D,325,validation
Y325F,325,train
Y325H,325,test
Y325N,325,train
Y325S,325,train
Y347C,347,train
Y347D,347,train
Y347F,347,train
Y347H,347,train
Y347N,347,test
Y347S,347,train
Y359C,359,test
Y359D,359,validation
Y359F,359,train
Y359H,359,train
Y359N,359,validation
Y359S,359,train
Y362C,362,validation
Y362D,362,train
Y362F,362,train
Y362H,362,train
Y362N,362,train
Y362S,362,validation
Y373C,373,train
Y373D,373,train
Y373F,373,validation
Y373H,373,train
Y373N,373,train
Y373S,373,train
Y430C,430,train
Y430D,430,test
Y430F,430,train
Y430H,430,validation
Y430N,430,train
Y430S,430,test
Y450C,450,train
Y450D,450,train
Y450F,450,train
Y450H,450,train
Y450N,450,train
Y450S,450,train
Y451C,451,test
Y451D,451,train
Y451F,451,train
Y451H,451,train
Y451N,451,train
Y451S,451,train
Y515C,515,train
Y515D,515,train
Y515F,515,train
Y515H,515,train
Y515N,515,test
Y515S,515,train
Y517C,517,train
Y517D,517,test
Y517F,517,test
Y517H,517,train
Y517N,517,train
Y517S,517,test
Y521C,521,train
Y521D,521,train
Y521F,521,train
Y521H,521,train
Y521N,521,train
Y521S,521,train
Y529C,529,train
Y529D,529,validation
Y529F,529,train
Y529H,529,train
Y529N,529,train
Y529S,529,train
Y568C,568,train
Y568D,568,train
Y568F,568,train
Y568H,568,train
Y568N,568,train
Y568S,568,train
Y594C,594,train
Y594D,594,train
Y594F,594,train
Y594H,594,train
Y594N,594,train
Y594S,594,train
Y5C,5,test
Y5D,5,validation
Y5F,5,train
Y5H,5,train
Y5N,5,test
Y5S,5,train
Y639C,639,test
Y639D,639,train
Y639F,639,train
Y639H,639,train
Y639N,639,train
Y639S,639,train
Y656C,656,train
Y656D,656,train
Y656F,656,train
Y656H,656,test
Y656N,656,train
Y656S,656,train
Y72C,72,train
Y72D,72,train
Y72F,72,train
Y72H,72,train
Y72N,72,train
Y72S,72,train
Y812C,812,train
Y812D,812,train
Y812F,812,train
Y812H,812,train
Y812N,812,train
Y812S,812,train
Y814C,814,test
Y814D,814,test
Y814F,814,test
Y814H,814,validation
Y814N,814,train
Y814S,814,train
Y815C,815,validation
Y815D,815,train
Y815F,815,validation
Y815H,815,train
Y815N,815,train
Y815S,815,train
Y81C,81,test
Y81D,81,train
Y81F,81,train
Y81H,81,train
Y81N,81,train
Y81S,81,validation
Y823C,823,train
Y823D,823,train
Y823F,823,validation
Y823H,823,train
Y823N,823,train
Y823S,823,train
Y836C,836,train
Y836D,836,train
Y836F,836,train
Y836H,836,train
Y836N,836,train
Y836S,836,train
Y882C,882,train
Y882D,882,test
Y882F,882,test
Y882H,882,test
Y882N,882,test
Y882S,882,train
Y943C,943,test
Y943D,943,train
Y943F,943,train
Y943H,943,train
Y943N,943,train
Y943S,943,test
Y973C,973,train
Y973D,973,train
Y973F,973,train
Y973H,973,train
Y973N,973,train
Y973S,973,validation
Y981C,981,train
Y981D,981,train
Y981F,981,train
Y981H,981,test
Y981N,981,train
Y981S,981,train
Y988C,988,train
Y988D,988,train
Y988F,988,train
Y988H,988,train
Y988N,988,train
Y988S,988,train
